id;name;typ;traeger;ort;kanton;region;datum_von;datum_bis;datum_status;turnus;publikum;url;abrufdatum;beleg;deadline_aktion;deadline_typ;kosten;zugang;alter_max;wohnsitz;notiz
2026-09_sbvv-branchenwissen-verlag;Branchenwissen Verlag 2026 - 13 Termine fuer Quereinsteigende (SBVV);Kurs;Schweizer Buchhandels- und Verlags-Verband SBVV;Zuerich;ZH;DCH;2026-09-17;2027-01-14;bestaetigt;jaehrlich;Branche;https://www.sbvv.ch/kurs/947/3/;2026-09-08;Die Kurstage beginnen in der Regel um 09:15 und dauern bis 17 Uhr;2026-09-03;Einreichfrist;CHF 3'700 Mitglieder / CHF 4'200 Nichtmitglieder;;;;"13 Donnerstage vom 17.09.2026 bis 14.01.2027, laeuft also in den Zeitraum hinein. Anmeldeschluss 03.09.2026 bereits verstrichen; naechster Jahrgang vermutlich ab September 2027"
2026-09_fondation-jan-michalski-programme;Fondation Jan Michalski – Programme et expositions;Reihe;Fondation Jan Michalski pour l'écriture et la littérature;Montricher;VD;FCH;2026-09-26;2027-02-14;bestaetigt;laufend;Breitenpublikum+Fachpublikum;https://fondation-janmichalski.com/en/agenda;2026-09-08;The Manuscript Found in Saragossa: From 26 September 2026 to 14 February 2027;KEINE;KEINE;OFFEN;;;;"Literaturhaus mit Bibliothek, Auditorium, Residenz und Buchcafe; laufendes Programm mit Jeudis en residence, Lesungen und der Filmreihe Du roman a l ecran. Frankophon"
2026-09_sbvv-branchenwissen-buchhandel;Branchenwissen Buchhandel 2026/2027 (SBVV);Kurs;Schweizer Buchhandels- und Verlags-Verband SBVV;Zuerich;ZH;DCH;2026-09-28;2027-04-00;bestaetigt;jaehrlich;Branche;https://www.sbvv.ch/kurs/981/3/;2026-09-08;Der Kurs ist ausgebucht, es wird eine Warteliste gefuehrt;2026-09-06;Einreichfrist;CHF 3'800 Mitglieder / CHF 4'350 Nichtmitglieder;;;;"Laeuft bis April 2027 in den Zeitraum hinein; Quereinsteigenden-Lehrgang, 2026/27 ausgebucht. Naechster Jahrgang vermutlich ab September 2027 mit Frist im Sommer"
2026-10_aargauer-literaturhaus;Aargauer Literaturhaus Lenzburg (Müllerhaus);Reihe;Aargauer Literaturhaus, Bleicherain 7, Lenzburg;Lenzburg;AG;DCH;2026-10-00;2027-12-00;angekuendigt;laufend;Breitenpublikum+Schreibende;https://www.aargauer-literaturhaus.ch/veranstaltungen-datenbank;2026-09-08;"Pult-Donnerstag; Sofalesungen; Atelier LITERA; Textstatt";OFFEN;Programmeingabe;OFFEN;;;;"Reihen laufen ganzjährig, Einzeltermine der Datenbank ohne Jahresangabe abrufbar — Monat deshalb offen gelassen; Haus mit Residenz-Atelier und Werkstattbetrieb, dichteste Andockfläche im Aargau"
2026-10_bibliotheken-schaffhausen;Bibliotheken Schaffhausen;Reihe;Bibliotheken Schaffhausen, Stadtbibliothek am Münsterplatz;Schaffhausen;SH;DCH;2026-10-00;2027-12-00;erwartet;laufend;Breitenpublikum;https://bibliotheken-schaffhausen.ch/de/veranstaltungen/erwachsene/;2026-09-08;jeden zweiten Mittwoch in der Stadtbibliothek am Münsterplatz, kostenlos, ohne Anmeldung;OFFEN;Programmeingabe;0;;;;"Erwachsenenprogramm ist im Netz nur als Reihenbeschreibung publiziert, konkrete Lesungstermine ab Oktober 2026 nicht auffindbar; Haus richtet daneben die Schaffhauser Buchwoche im Herbst aus (A1)"
2026-10_cafe-litteraire-buchhandlung-schreiber-olten;Café Littéraire in der Buchhandlung Schreiber;Reihe;Stadtbibliothek Olten mit Buchhandlung Schreiber;Olten;SO;DCH;2026-10-00;2027-12-00;angekuendigt;monatlich;Breitenpublikum;https://www.bibliothekolten.ch/aktuell/veranstaltungen;2026-09-08;Café Littéraire, Donnerstag, 10. September 2026, 18.30–19.45 Uhr, Buchhandlung Schreiber;OFFEN;OFFEN;OFFEN;;;;"Buchhandlung mit fester Reihe und damit Welle-1-Adresse für die Postkarten; belegter Termin liegt im September 2026 vor dem Zeitraum, Fortsetzung monatlich angekündigt — Monat deshalb offen"
2026-10_erzaehlcafe-stadtbibliothek-olten;Erzählcafé Stadtbibliothek Olten;Reihe;Stadtbibliothek Olten;Olten;SO;DCH;2026-10-00;2026-12-00;angekuendigt;monatlich;Breitenpublikum;https://www.bibliothekolten.ch/aktuell/news;2026-09-08;"Erzählcafé: regelmässige Termine bis Dezember; Café philosophique";OFFEN;OFFEN;OFFEN;;;;"Einzeltermine auf der News-Seite ohne Datum genannt, Monat deshalb offen; Olten ist Standort der Vorbereitungstage des Schreibjahrs — kürzester Weg von allen Häusern dieser Liste"
2026-10_kaufleuten-literatur-zuerich;Kaufleuten Literatur;Reihe;Kaufleuten Kulturbetrieb, Pelikanplatz, Zürich;Zürich;ZH;DCH;2026-10-12;2027-02-00;bestaetigt;laufend;Breitenpublikum;https://kaufleuten.ch/events/kultur/literatur/;2026-09-08;"Montag, 12.10.2026 Sasa Stanisic; Dienstag, 13.10.2026 Mareike Fallwickl; Montag, 19.10.2026 Caroline Wahl";;;CHF 20 bis 48 Eintritt;;;;"Programm von September 2026 bis Februar 2027 publiziert, Einzeldaten auf der Übersichtsseite ohne vollständige Datumszeile — Monat offen gelassen; grosses Publikum, Namensprogramm, kooperiert im Juli mit dem Literaturhaus Zürich . Herbstprogramm publiziert, Reihe laeuft bis mindestens 9.2.2027 (Benjamin von Stuckrad-Barre). Der urspruengliche Beleg stand so nicht auf der Seite. Postkarte muss rund vier Wochen vor dem Termin vor Ort liegen, der Druck davor - Frist aus dem Veranstaltungsdatum gerechnet, nicht publiziert"
2026-10_societe-de-lecture-geneve;Société de Lecture de Genève – saison littéraire;Reihe;Société de Lecture de Genève;Genève;GE;FCH;2026-10-00;2027-06-00;erwartet;laufend;Breitenpublikum+Fachpublikum;https://www.societe-de-lecture.ch/;2026-09-08;Francois-Henri Deserable - Le Palais, 15 septembre, 12h30, anime par Pascale Frey;OFFEN;Programmeingabe;OFFEN;;;;Privatbibliothek und literarisches Zentrum seit 1818 mit dichtem Autorenprogramm und Schreibateliers. Neue Website im Aufbau, Einzeldaten der Saison 2026/27 am 08.09.2026 nicht abrufbar
2026-10_lh-liechtenstein-co-writing-room;co-writing-room und Lit-Club (Literaturhaus Liechtenstein);Reihe;Literaturhaus Liechtenstein;Schaan;FL;DCH;2026-10-00;2027-12-00;angekuendigt;monatlich;Schreibende;https://www.literaturhaus.li/?page=1;2026-09-08;"co-writing-room: Sunday writing workshops at 10:00; Lit-Club: Saturdays at 10:00";OFFEN;OFFEN;OFFEN;;;;"Wiederkehrende Formate für Schreibende und Lesende, Einzeldaten auf der Übersichtsseite ohne Jahr — Monat offen gelassen; Schreibwerkstatt-Leitung Monika Vogt, Shared Reading Doris Büchel"
2026-10_litz-stans;lit.z Literaturhaus Zentralschweiz;Reihe;lit.z Literaturhaus Zentralschweiz, Alter Postplatz 3, Stans;Stans;NW;DCH;2026-10-00;2027-12-00;erwartet;laufend;Breitenpublikum+Schreibende;https://www.lit-z.ch/;2026-09-08;Saisonauftakt am 04.09.2026 mit Rita Clara Furger (Orcagesänge aus Uri);OFFEN;Programmeingabe;OFFEN;;;;"Programmseite hinter Cookie-Banner nicht auslesbar, Einzeltermine ab Oktober deshalb nicht belegt; Saisonstruktur (Auftakt September) belegt ganzjährigen Betrieb; Reihe Zentralschweizer Literaturzirkel läuft Februar bis Mai"
2026-10_ads-termine-portal;A*dS Termine - Terminübersicht Literaturbetrieb Schweiz;Reihe;Autorinnen und Autoren der Schweiz A*dS;Zürich;CH;national;2026-10-01;2027-12-31;bestaetigt;laufend;Schreibende+Branche;https://www.a-d-s.ch/termine/;2026-09-08;16.-18. Oktober: Literaturtage Zofingen ... 6.-7. Februar 2027: 20. Bieler Gespräche;OFFEN;OFFEN;OFFEN;;;;KALENDERPORTAL für A1 bis A5 - listet Festivals Messen und Tagungen 2026/27 kompakt. Keine Eingabemöglichkeit erkennbar - Redaktion durch den Verband. Newsletter unter eepurl.com/DZsSThPTgj
2026-10_schweizer-literaturgesellschaft-manuskript;Kostenlose Manuskriptprüfung Schweizer Literaturgesellschaft;Ausschreibung;Schweizer Literaturgesellschaft Zug;Zug;ZG;DCH;2026-10-01;2027-12-31;bestaetigt;laufend;Schreibende;https://literaturgesellschaft.ch/buch-veroeffentlichen/;2026-09-08;Senden Sie uns Ihr Manuskript zur kostenlosen Prüfung! Sie dauert nur etwa 14 Tage;KEINE;KEINE;0 Prüfung gratis - Gutachten CHF 149 bis 349;offen;;;NEU - in der SWOT nicht enthalten. Kein Kursanbieter sondern ein Zuschussverlag. Konkurriert nicht um den Weg sondern um das Versprechen am Ende (Veröffentlichung) und ist damit ein Einwand den Interessierte mitbringen werden. [Zugang: Fuer Neu- und Bestandsautoren. Personen unter 18 bitte ueber die Eltern einsenden]
2026-10_kulturpool-basel;Kulturpool - Werbeplattform für Kulturveranstaltende;Reihe;Synventis GmbH / ProgrammZeitung Verlags AG;Basel;BS;DCH;2026-10-01;2027-12-31;bestaetigt;laufend;Breitenpublikum;https://www.proz.online/download/Content_attachments/FileBaseDoc/PROZ-Mediadaten.pdf;2026-09-08;DER KULTURPOOL erreicht 524530 kulturinteressierte Personen (PROZ Mediadaten 2026);OFFEN;OFFEN;OFFEN - Konditionen nur im Mediadaten-PDF;;;;KALENDERPORTAL mit Verbundreichweite. Betrieben aus dem gleichen Haus wie die PROZ. Die Reichweitenzahl steht in den PROZ-Mediadaten 2026 - das Mediadaten-PDF des Kulturpools selbst war am 08.09.2026 nicht als Text abrufbar. Die Reichweitenzahl steht in den PROZ-Mediadaten 2026 (dort verifiziert), nicht auf kulturpool.com/Mediadaten - jene Seite verlinkt das PDF nur
2026-10_literaturschweiz-literaturlandschaft;LiteraturSchweiz LiteraturLandschaft - Verzeichnis der Akteurinnen;Reihe;Verein LiteraturSchweiz (c/o A*dS);Zürich;CH;national;2026-10-01;2027-12-31;bestaetigt;laufend;Branche+Schreibende;https://www.literaturschweiz.ch/literaturlandschaft;2026-09-08;Entdecken Sie wichtige institutionelle Akteur*innen die Mitglied bei LiteraturSchweiz sind;OFFEN;OFFEN;OFFEN;;;;PORTAL. Nachfolger des eingestellten werliestwo.ch. Filterbar nach Archive Verbände Stiftungen Veranstalter Medien. Laut Seite kommen ab Sommer 2026 auch Nicht-Mitglieder dazu - der Salon der Kuenste kann sich also eintragen lassen. Frist nicht genannt
2026-10_srf-literaturclub-audio;Literaturclub Audioformate und Podcast Interview;Reihe;Schweizer Radio und Fernsehen SRF;Zürich;CH;national;2026-10-01;2027-12-31;bestaetigt;laufend;Breitenpublikum;https://medien.srf.ch/-/srf-literatur-neuerungen-im-literaturportfolio;2026-09-08;Im Zwei-Wochen-Rhythmus unterhält sich eine Autorin mit einem Mitglied des multimedialen SRF-Literaturteams;OFFEN;OFFEN;0;;;;Seit 2026 bündelt SRF alles unter der Marke Literaturclub: Podcast Literaturclub Interview zweiwöchentlich - dazu Dienstag 20 Uhr Radio SRF 1 mit Buchtipps (2x monatlich) Bestenliste (monatlich) und Kinder-/Jugendbücher. Angebotsverantwortlicher Markus Gasser
2026-10_guidle-solothurn-veranstaltungserfassung;Veranstaltungserfassung Kanton Solothurn Tourismus über guidle;Reihe;Kanton Solothurn Tourismus / Guidle AG;Solothurn;SO;DCH;2026-10-01;2027-12-31;bestaetigt;laufend;Breitenpublikum;https://kantonsolothurntourismus.ch/veranstaltung-erfassen/;2026-09-08;5 Veranstaltungen pro Jahr können ohne eine Guidle Medien-Präsenz erfasst werden;KEINE;Programmeingabe;0 bis 5 Veranstaltungen pro Jahr;;;;KALENDERPORTAL. Ein Eintrag erscheint automatisch im Kalender von Kanton Solothurn Tourismus und auf guidle.com - dazu Übersichten auf solothurn-city.ch oltentourismus.ch und jurasonnenseite.ch. Für die Olten-Termine des Schreibjahrs der billigste Reichweitenkanal. Keine Frist genannt
2026-10_viceversa-zeitschrift;Viceversa - Schweizer Zeitschrift für literarischen Austausch;Reihe;Verein LiteraturSchweiz / Viceversa;Zürich;CH;national;2026-10-01;2027-12-31;bestaetigt;jaehrlich;Fachpublikum+Schreibende;https://www.literaturschweiz.ch/viceversa;2026-09-08;Stimmen aus dem ganzen Land im Original und in Übersetzung - Abo ohne Mitgliedschaft CHF 25.-/Jahr;OFFEN;OFFEN;Abo CHF 25 - Mitgliedschaft CHF 50 Person / CHF 120 Institution;;;;Kein Redaktionsschluss und keine Einreichmöglichkeit publiziert - Texte offenbar auf Einladung. Die Institutionsmitgliedschaft CHF 120 ist der Zugang zum Verein LiteraturSchweiz und damit zum Verzeichnis
2026-10_eventfrog-lesungen;eventfrog Lesungen Schweiz;Reihe;Eventfrog AG;Bern;CH;national;2026-10-01;2027-12-31;bestaetigt;laufend;Breitenpublikum;https://eventfrog.ch/de/events/ch/lesungen.html;2026-09-08;Erfasse deinen Event schnell & einfach - Event eintragen;KEINE;Programmeingabe;OFFEN Grundeintrag gratis Ticketing kostenpflichtig;;;;KALENDERPORTAL mit Selbsteintrag und Ticketing. Rubrik Lesungen dicht belegt. Für A1 bis A4 als Nachziehquelle brauchbar - die Einträge sind allerdings von Veranstaltern selbst erfasst und nicht redaktionell geprüft
2026-10_sbvv-wandel-buchhandel;Dem Wandel im Buchhandel begegnen (SBVV-Weiterbildung);Kurs;Schweizer Buchhandels- und Verlags-Verband SBVV;Zuerich;ZH;DCH;2026-10-02;2026-10-02;bestaetigt;einmalig;Branche;https://www.sbvv.ch/kurs/990/3/;2026-09-08;"Freitag, 2. Oktober 2026 von 9:15 - 17:00 Uhr; Anmeldeschluss: 24.09.2026";2026-09-24;Einreichfrist;CHF 320 Mitglieder / CHF 370 Nichtmitglieder;;;;Leitung Sylvie Mueller. SBVV-Geschaeftsstelle Limmatstrasse 107. Fuer Patrick als Kontaktflaeche zu Buchhaendler:innen, nicht als Inhalt
2026-10_kornhausbibliotheken-bern;Kornhausbibliotheken Bern;Reihe;Kornhausbibliotheken Bern;Bern;BE;DCH;2026-10-05;2027-12-00;bestaetigt;laufend;Breitenpublikum;https://www.kob.ch/agenda/;2026-09-08;ComicMyLife: Comic Workshops mit Simon Kiener, Kornhausbibliothek, 5. Oktober 2026;OFFEN;Programmeingabe;OFFEN;;;;"Grösstes Netz öffentlicher Bibliotheken der Deutschschweiz, 23 Bibliotheken im Verbund; Agenda mit Lesungen, Leseklubs, Erzählnacht — eine Programmstelle bedient viele Standorte"
2026-10_lit-literaturhaus-graubuenden;LIT – Das Literaturhaus Graubünden;Reihe;Literaturhaus Graubünden / Chasa da Litteratura dal Grischun;Chur;GR;DCH;2026-10-05;2026-11-03;bestaetigt;laufend;Breitenpublikum+Schreibende;https://lithaus.gr/;2026-09-08;"5. Oktober 2026: Buchpremiere Gion Mathias Cavelty; 20. Oktober 2026: Lesekreis";OFFEN;Programmeingabe;OFFEN;;;;"Dreisprachiges Haus (Deutsch, Romanisch, Italienisch), bespielt auch Orte ausserhalb Chur wie Valposchiavo und Laax; Programmheft wird per Post verschickt"
2026-10_literaturhaus-liechtenstein;Literaturhaus Liechtenstein;Reihe;Literaturhaus Liechtenstein, Poststrasse 27, Schaan;Schaan;FL;DCH;2026-10-05;2026-11-28;bestaetigt;laufend;Breitenpublikum+Schreibende;https://www.literaturhaus.li/?page=1;2026-09-08;"Shared Reading: Mo, 05. Okt, 19 Uhr; Klassikerlesung: So, 15. Nov, 11 Uhr";OFFEN;Programmeingabe;OFFEN;;;;"Fürstentum Liechtenstein, Kantonskürzel FL gesetzt weil kein CH-Kanton; Grenzfall laut Quellenraster ausdrücklich aufzunehmen"
2026-10_wyborada-schreibgruppe;Literaturhaus Schreibgruppe (Wyborada);Reihe;Verein Wyborada;St. Gallen;SG;DCH;2026-10-05;2027-02-01;bestaetigt;monatlich;Schreibende;https://www.wyborada.ch/;2026-09-08;Schreibgruppe, Leitung Ariane Novel, Montag 18–20 Uhr, 5.10., 2.11., 30.11.2026;OFFEN;OFFEN;CHF 120 Mitglieder / 140 Nichtmitglieder für vier Termine;;;;"Grenzfall zu A6 (Kursangebot), hier eingetragen weil Teil des Hausprogramms; Termine 4.1. und 1.2.2027 bereits gesetzt — direkte Nachbar- und Konkurrenzstruktur zum Schreibjahr"
2026-10_collegium-generale-bern;Literarische Lesungen des Collegium generale;Reihe;Universität Bern, Collegium generale;Bern;BE;DCH;2026-10-06;2026-12-08;bestaetigt;jaehrlich;Breitenpublikum+Fachpublikum;https://www.unibe.ch/universitaet/universitaet_fuer_alle/collegium_generale/literarische_lesungen/index_ger.html;2026-09-08;"6. Oktober 2026, Tonio Schachinger, 18.15 Uhr, Hörsaal 220; ohne Voranmeldung";OFFEN;Programmeingabe;0;;;;"Vier Termine im Herbstsemester unter einem Jahresthema, 2026 «Neues aus Österreich»; Programm 2027 noch nicht publiziert, Themensetzung erfolgt jährlich im Voraus"
2026-10_srf-literaturclub-tv;Literaturclub SRF 1;Reihe;Schweizer Radio und Fernsehen SRF;Zürich;CH;national;2026-10-06;2026-10-06;bestaetigt;monatlich;Breitenpublikum;https://www.fernsehserien.de/literaturclub/sendetermine/srf1;2026-09-08;Di. 06.10. 22:25-23:45 SRF 1 Folge 7/2026;OFFEN;OFFEN;0;;;;Der Literaturclub läuft neunmal jährlich um 22:25 Uhr auf SRF 1 (Quelle SRF Medienportal). Reichweitenstärkstes Literaturformat der Deutschschweiz. Die Sendetermine 2027 sind noch nicht publiziert - fernsehserien.de listet ab 06.10.2026 ohne Anspruch auf Vollständigkeit
2026-10_frankfurter-buchmesse;Frankfurter Buchmesse 2026;Messe;Frankfurter Buchmesse GmbH / SBVV (Gemeinschaftsstand);Frankfurt am Main;DE;national;2026-10-07;2026-10-11;bestaetigt;jaehrlich;Branche+Fachpublikum+Breitenpublikum;https://www.sbvv.ch/omsStart/202/8/Frankfurter%20Buchmesse;2026-09-08;"Anmeldeschluss: 27. April 2026; Messedaten 7.-11. Oktober 2026; Halle 3.0, Stand F97";2026-04-27;Standanmeldung;CHF 125 Einzeltitel, CHF 545 Paket XS, CHF 2030 Paket S (3 qm), CHF 4100 Paket M (6 qm), Mitgliederpreise;;;;Standanmeldung 2026 abgelaufen (27.04.2026), Buecher-Lieferfrist war 10.09.2026. Co-Working ab CHF 180 Halbtag, Besprechungstisch CHF 50/Std. Ehrengast Tschechien
2026-10_netzwerk-erzaehlcafe;Netzwerk Erzählcafé Schweiz;Reihe;Netzwerk Erzählcafé (Verein);Zürich;CH;national;2026-10-08;2027-12-00;bestaetigt;laufend;Breitenpublikum;https://netzwerk-erzaehlcafe.ch/agenda/;2026-09-08;8. Oktober 2026, Luzern, 14:30-16:30: Beschwingtes Erwachsen werden;OFFEN;OFFEN;meist kostenlos;;;;"Landesweite Agenda mit dutzenden Terminen pro Monat in allen Sprachregionen; Publikum ist Lebensmitte und älter, Menschen mit einer Geschichte — Zielgruppen-Deckung mit dem Schreibjahr hoch"
2026-10_casa-della-letteratura-lugano;Casa della Letteratura per la Svizzera italiana;Reihe;Casa della Letteratura per la Svizzera italiana;Lugano;TI;ICH;2026-10-10;2026-12-05;bestaetigt;laufend;Breitenpublikum+Fachpublikum+Schreibende;https://www.casadellaletteratura.ch/;2026-09-08;"21 Nov 2026, 16:30: Omaggio a Adelheid Duvanel; 10 Ott 2026: Editoria taglia & cuci + reading poetico";OFFEN;Programmeingabe;OFFEN;;;;Literaturhaus der italienischen Schweiz mit Lesungen, Uebersetzungskurs und Schreibresidenzen fuer den audiovisuellen Sektor. Die Hommage an Adelheid Duvanel zeigt die Anschlussfaehigkeit an deutschschweizer Stoffe
2026-10_literaturhaus-zuerich;Literaturhaus Zürich;Reihe;Literaturhaus Zürich (Verein Museumsgesellschaft);Zürich;ZH;DCH;2026-10-12;2027-05-23;bestaetigt;laufend;Breitenpublikum+Fachpublikum;https://literaturhaus.ch/programm/;2026-09-08;Mo 12.10., 20:00 Uhr: Doris Dörrie – Schreiben, Leben, Sein;;;OFFEN;;;;"Ganzjähriges Programm, mehrere Termine pro Woche; programmverantwortliche Person auf der Website nicht genannt Postkarte muss rund vier Wochen vor dem Termin vor Ort liegen, der Druck davor - Frist aus dem Veranstaltungsdatum gerechnet, nicht publiziert"
2026-10_aks-atelier-x;Recherchestipendium Atelier X;Ausschreibung;Albert Koechlin Stiftung;Luzern;LU;DCH;2026-10-12;2026-10-12;bestaetigt;jaehrlich;Schreibende;https://www.aks-stiftung.ch/AtelierX;2026-09-08;Die Eingabefrist der aktuellen Ausschreibung endet am Montag, 12. Oktober 2026, 12.00 Uhr;2026-10-12;Einreichfrist;0;publikation;;Innerschweiz LU NW OW UR SZ seit 1.1.2024;für Teilnehmende — Recherchestipendium für Innerschweizer Kunstschaffende aller Sparten, nicht an ein bestehendes Atelier gebunden, ermöglicht eine Schaffenszeit ausserhalb des Alltags. Keine Altersgrenze genannt [Zugang: Eingabeberechtigt sind professionelle Kunst- und Kulturschaffende aller Sparten, die seit ]
2026-10_erzaehlcafe-muenstergasse-bern;Erzählcafé Bibliothek Münstergasse;Reihe;Universitätsbibliothek Bern, mit Kornhausbibliotheken Bern;Bern;BE;DCH;2026-10-13;2027-01-12;bestaetigt;monatlich;Breitenpublikum;https://www.ub.unibe.ch/teilbibliotheken/bibliothek_muenstergasse/erzaehlcaf/index_ger.html;2026-09-08;Vorbilder, Dienstag, 13. Oktober 2026, 16.30–18.00, Quartierbibliothek Bümpliz;;;OFFEN;;;;"Termin «Zeit» am 12. Januar 2027 bereits gesetzt; Format des Lebensgeschichten-Erzählens ist inhaltlich das nächste Nachbarformat zum Schreibjahr-Publikum Postkarte muss rund vier Wochen vor dem Termin vor Ort liegen, der Druck davor - Frist aus dem Veranstaltungsdatum gerechnet, nicht publiziert"
2026-10_literaturhaus-basel;Literaturhaus Basel;Reihe;Literaturhaus Basel;Basel;BS;DCH;2026-10-13;2026-10-13;bestaetigt;laufend;Breitenpublikum+Fachpublikum;https://www.literaturhaus-basel.ch/;2026-09-08;SAŠA STANIŠIĆ (13.10., 19.00 Uhr);;;CHF 20 / 15 ermässigt Eintritt;;;;"Ganzjähriges Programm mit Reihen Sofalesung, Geschichten am Sonntag, Schreibcafé; Vorverkauf über Bider & Tanner Postkarte muss rund vier Wochen vor dem Termin vor Ort liegen, der Druck davor - Frist aus dem Veranstaltungsdatum gerechnet, nicht publiziert"
2026-10_schreibcouch-vhs-thun-kreativ;Kreatives Schreiben (Kurs 26-02-3300);Kurs;Schreibcouch Stefanie Carpintero / VHS Thun;Thun;BE;DCH;2026-10-14;2026-10-28;bestaetigt;einmalig;Schreibende;https://schreibcouch.ch/schreibkurse/;2026-09-08;Kreatives Schreiben (Kurs 26-02-3300) 14.-28.10.2026 mittwochs 17.30-19.30 Uhr 150.- CHF;KEINE;KEINE;CHF 150;;;;In der SWOT nur als nicht belegbar vermerkt (keine Preise publiziert). Preise stehen jetzt auf der Kursseite - damit ist die SWOT-Lücke geschlossen
2026-10_literaturgesellschaft-luzern;LiteraturGesellschaft Luzern;Reihe;LiteraturGesellschaft Luzern;Luzern;LU;DCH;2026-10-14;2026-12-02;bestaetigt;laufend;Breitenpublikum;https://www.literaturgesellschaft-lu.ch/programm;2026-09-08;Mittwoch, 14. Oktober 2026, 19.30 Uhr, Barbara Honigmann: Mischka;;;CHF 25, Mitglieder CHF 15, Studierende CHF 10;;;;"Lesungen mit Gesprächsteil im Hotel Schweizerhof, Moderationen von Bettina Spoerri, Ruth Gantert, Sibylle Birrer; Dezembertermin in Kooperation mit lit.z Postkarte muss rund vier Wochen vor dem Termin vor Ort liegen, der Druck davor - Frist aus dem Veranstaltungsdatum gerechnet, nicht publiziert"
2026-10_lh-zuerich-unruhe-ueber-mittag;Unruhe über Mittag (Literaturhaus Zürich);Reihe;Literaturhaus Zürich;Zürich;ZH;DCH;2026-10-15;2026-10-15;bestaetigt;laufend;Breitenpublikum;https://literaturhaus.ch/programm/;2026-09-08;Do 15.10., 12:15 Uhr: Unruhe über Mittag: Archiv der vollen Bäuche;;;OFFEN;;;;Mittagsformat im Debattierzimmer, kurzes Gesprächsformat zu Gegenwartsthemen, niederschwelliger Andockpunkt als der Abendbetrieb Postkarte muss rund vier Wochen vor dem Termin vor Ort liegen, der Druck davor - Frist aus dem Veranstaltungsdatum gerechnet, nicht publiziert
2026-10_literaturtage-zofingen;Literaturtage Zofingen 2026;Festival;Literaturtage Zofingen (Verein);Zofingen;AG;DCH;2026-10-16;2026-10-18;bestaetigt;jaehrlich;Breitenpublikum;https://literaturtagezofingen.ch/;2026-09-08;16. bis 18. Oktober 2026;;;OFFEN;;;;Programm folgt jeweils dem Gastland der Frankfurter Buchmesse - 2026 Tschechien. Kleines Festival im Kulturhaus West - fuer Patrick zugaenglicher als die grossen. Postkarte muss rund vier Wochen vor dem Termin vor Ort liegen, der Druck davor - Frist aus dem Veranstaltungsdatum gerechnet, nicht publiziert
2026-10_sofalesungen-ch;Sofalesungen.ch;Reihe;Verein Sofalesungen, angeregt vom Literaturhaus Basel;Basel;BS;DCH;2026-10-18;2026-10-18;bestaetigt;laufend;Breitenpublikum+Schreibende;https://www.literaturhaus-basel.ch/de/projekte/sofalesungench/;2026-09-08;18.10.: Sofalesung mit Julia Trachsel (Riehen, 17:00);OFFEN;OFFEN;OFFEN;;;;"Lesungen in privaten Räumen, Fokus auf Prosadebüts; schweizweit in Kooperation mit mehreren Literaturhäusern, Förderfonds Engagement Migros — Debüt-Fokus passt exakt zum Schreibjahr"
2026-10_castelli-di-carta;Castelli di carta – Concorso letterario;Preis;Biblioteca cantonale di Bellinzona;Bellinzona;TI;ICH;2026-10-20;2026-10-20;bestaetigt;jaehrlich;Schreibende+Breitenpublikum;https://www.castellidicarta.ch/;2026-09-08;appuntamento a martedi 20 ottobre 2026, ore 18:30, presso l Auditorium di BancaStato, Bellinzona;KEINE;KEINE;0;offen;;;"Kurzgeschichten-Wettbewerb (max. 1800 Zeichen), Thema 2026 Con l acquolina in bocca, Einreichfrist 4.5.2026 abgelaufen. Ausschreibung 2027 im Fruehjahr zu erwarten; italienischsprachig. [Zugang: La partecipazione e gratuita e aperta a tutti. Categoria Adulti per tutti gli altri. Elabo]"
2026-10_zuerich-liest;Zuerich liest 26;Festival;Verein Zuerich liest;Zuerich;ZH;DCH;2026-10-20;2026-10-25;bestaetigt;jaehrlich;Breitenpublikum+Branche;https://www.zuerich-liest.ch/zhl/veranstalten;2026-09-08;Zuerich liest 26: 20. bis 25. Oktober 2026 Eroeffnung am 20. Oktober 2026;2026-06-30;Programmeingabe;CHF 850 Werbemittelbeitrag Nichtmitglieder fuer max. zwei Veranstaltungen;;;;Anmeldeschluss war Ende Juni 2026 - fuer 2026 zu spaet. Eingabe ueber Eventportal events.zuerich-liest.ch mit personalisiertem Zugang. Auch Winterthur und Umgebung bespielt
2026-10_sbvv-zukuenfte-des-erzaehlens;Die Zukuenfte des Erzaehlens im Jahr 2056 (SBVV-Weiterbildung);Kurs;Schweizer Buchhandels- und Verlags-Verband SBVV;Zuerich;ZH;DCH;2026-10-21;2026-10-21;bestaetigt;einmalig;Branche;https://www.sbvv.ch/kurs/975/3/;2026-09-08;"Mittwoch, 21. Oktober 2026 von 9:15 - 17:00 Uhr; Anmeldeschluss 14.10.2026";2026-10-14;Einreichfrist;CHF 270 Mitglieder / CHF 320 Nichtmitglieder;;;;Leitung Michele Minelli (Autorin, eidg. dipl. Ausbildungsleiterin) - inhaltlich die naechste Verwandte zum Schreibjahr im SBVV-Programm
2026-10_literaturhaus-thurgau;Literaturhaus Thurgau / Bodmanhaus;Reihe;Thurgauische Bodman-Stiftung;Gottlieben;TG;DCH;2026-10-21;2026-12-03;bestaetigt;laufend;Breitenpublikum;https://literaturhausthurgau.ch/programm/;2026-09-08;"Maren Wurster, 21. Okt., 19.30 Uhr; Judith Hermann, 28. Okt., 19.30 Uhr";;;OFFEN;;;;Kleines Haus mit dichtem Abendprogramm und eigenem Literaturstipendium, Entscheidungswege kurz Postkarte muss rund vier Wochen vor dem Termin vor Ort liegen, der Druck davor - Frist aus dem Veranstaltungsdatum gerechnet, nicht publiziert
2026-10_woerdz-luzern;woerdz - Das Spoken Word Festival;Festival;Verein woerdz;Luzern;LU;DCH;2026-10-21;2026-10-24;bestaetigt;zweijaehrlich;Breitenpublikum+Schreibende;https://woerdz.ch/;2026-09-08;Von Mittwoch 21. bis Samstag 24. Oktober 2026;OFFEN;Programmeingabe;OFFEN;;;;Wird alle zwei Jahre durchgefuehrt - naechste Ausgabe demnach 2028 ausserhalb des Zeitraums. Hauptbuehne Suedpol Luzern. Geschaeftsfuehrung Aline Pieth
2026-10_wortreich-glarus;Wortreich Buchhandlung und Antiquariat;Reihe;Wortreich Buchhandlung und Antiquariat, Glarus;Glarus;GL;DCH;2026-10-22;2026-10-22;bestaetigt;laufend;Breitenpublikum;https://www.kulturbuchhandlung.ch/lesungen/;2026-09-08;Donnerstag, 22. Oktober 2026, 19 Uhr, Caroline Roger, Unter Gästen, Debütroman;;;CHF 20 / 15 Schüler und Studenten;;;;"Buchhandlung mit fester Lesereihe und damit Welle-1-Adresse für die Postkarten; programmiert ausdrücklich Debütromane — inhaltlich der passendste Buchhandlungsort dieser Liste Postkarte muss rund vier Wochen vor dem Termin vor Ort liegen, der Druck davor - Frist aus dem Veranstaltungsdatum gerechnet, nicht publiziert"
2026-10_festival-rilke-locarno-ascona;Festival Rilke 2026 – Locarno / Ascona;Festival;Fondation Rilke mit Teatro del Tempo;Locarno;TI;ICH;2026-10-23;2026-10-25;bestaetigt;einmalig;Breitenpublikum+Fachpublikum;https://www.fondationrilke.ch/actualites/festival-rilke-2026;2026-09-08;du 23 au 25 octobre 2026 a Locarno / Ascona;KEINE;KEINE;OFFEN, Apero im Teilnahmebeitrag inbegriffen;;;;"Tessiner Etappe des viersprachigen Rilke-Jubilaeumsfestivals zum 100. Todestag; weitere Etappen Soglio (GR), Winterthur/Berg am Irchel und Sierre. Verbindet Deutschschweiz, Romandie und Ticino"
2026-10_schreibszene-kurzgeschichten-zh;Workshop: Kurzgeschichten [Kleingruppe];Kurs;Theorie & Praxis GmbH (Schreibszene);Zürich;ZH;DCH;2026-10-24;2026-10-24;bestaetigt;einmalig;Schreibende;https://schreibszene.ch/schreibkurse-literarisch/;2026-09-08;24.10.2026 Workshop: Kurzgeschichten [Kleingruppe] Zürich aeB 380 CHF;KEINE;KEINE;CHF 380 Kursgebühr;;;;Anbieter steht in der SWOT (Nr. 12). Kursprogramm endet auf der Seite am 05.12.2026 - für 2027 ist nichts publiziert
2026-10_schreibszene-seele-olten;Schreiben für die Seele [Kleingruppe];Kurs;Theorie & Praxis GmbH (Schreibszene);Olten;SO;DCH;2026-10-25;2026-10-25;bestaetigt;einmalig;Schreibende;https://schreibszene.ch/schreibkurse-literarisch/;2026-09-08;25.10.2026 Schreiben für die Seele [Kleingruppe] Olten Flörli 380 CHF;KEINE;KEINE;CHF 380 Kursgebühr;;;;In der SWOT enthalten. Gleicher Ort wie die Schreibjahr-Basis Olten
2026-10_weinfelder-buchtage;10. Weinfelder Buchtage;Festival;Verein weinfelder buchtage;Weinfelden;TG;DCH;2026-10-27;2026-11-01;bestaetigt;jaehrlich;Breitenpublikum;https://buchtage.ch/;2026-09-08;Die 10. Weinfelder Buchtage finden vom Dienstag 27. Okt. bis Sonntag 1. Nov 2026 statt;;;OFFEN;;;;Im Kulturlokal Goldener Dachs Schulstrasse 1 Weinfelden Sonntagslesungen im Rathaussaal. Verein seit 2022. Kleines Format mit erreichbarem OK. Postkarte muss rund vier Wochen vor dem Termin vor Ort liegen, der Druck davor - Frist aus dem Veranstaltungsdatum gerechnet, nicht publiziert
2026-10_coalmine-winterthur;COALMINE Café Winterthur;Reihe;Volkart Stiftung;Winterthur;ZH;DCH;2026-10-27;2026-12-01;bestaetigt;laufend;Breitenpublikum;https://www.coalmine.ch/programm/;2026-09-08;"27. Oktober 2026: Yael Inokai, Die Auster; 10. November 2026: Martina Hefter";;;OFFEN;;;;"Spielort der Literarischen Vereinigung, programmiert daneben eigene Lesungen und eine Dokfilmreihe; genannte Kontaktperson kuratiert den Film-, nicht den Literaturteil Postkarte muss rund vier Wochen vor dem Termin vor Ort liegen, der Druck davor - Frist aus dem Veranstaltungsdatum gerechnet, nicht publiziert"
2026-10_literarische-vereinigung-winterthur;Literarische Vereinigung Winterthur;Reihe;Literarische Vereinigung Winterthur;Winterthur;ZH;DCH;2026-10-27;2026-12-01;bestaetigt;monatlich;Breitenpublikum;https://dieliterarische.ch/;2026-09-08;27. Oktober 2026, 19.30 Uhr, Yael Inokai: Die Auster, Coalmine Café;OFFEN;Programmeingabe;CHF 20, CHF 10 mit Legi, Mitglieder gratis;;;;"Verein mit rund 200 Mitgliedern, Defizitgarantie der Stadt Winterthur; acht bis zehn Lesungen pro Jahr im Coalmine, Programm erscheint halbjährlich — Programmschluss ist der Andockpunkt"
2026-10_literaturblatt-buchtaufe-heusser;Buchtaufe Einer wie Heusser edition bücherlese;Einzelveranstaltung;edition bücherlese;Brunnen;SZ;DCH;2026-10-28;2026-10-28;bestaetigt;einmalig;Breitenpublikum;https://literaturblatt.ch/veranstaltungen/;2026-09-08;Buchtaufe Einer wie Heusser edition bücherlese - am 28. Oktober in Brunnen SZ 19:30-21:00;KEINE;KEINE;OFFEN;;;;Gefunden über literaturblatt.ch - dem Blog von Gallus Frei-Tomic (Buchempfehlungen seit 2016) mit eigener Veranstaltungsagenda. Der Blog ist der relevanteste unabhängige Literaturblog der Deutschschweiz und selbst ein Andockpunkt
2026-10_literaturhaus-wyborada;Literaturhaus & Bibliothek Wyborada St. Gallen;Reihe;Verein Wyborada;St. Gallen;SG;DCH;2026-10-28;2026-10-28;bestaetigt;laufend;Breitenpublikum+Schreibende;https://www.wyborada.ch/;2026-09-08;Mittwoch, 28. Oktober 2026, 20 Uhr, LooT #13 mit Ursula Krechel, Lokremise;;;CHF 25 / 20 ermässigt;;;;"Literaturhaus St. Gallen, 2019 vom Verein Wyborada gegründet; führt neben Lesungen eigene Schreib- und Lesegruppen — Haus mit der grössten Nähe zu schreibenden Erwachsenen in der Ostschweiz Postkarte muss rund vier Wochen vor dem Termin vor Ort liegen, der Druck davor - Frist aus dem Veranstaltungsdatum gerechnet, nicht publiziert"
2026-10_sbvv-kreative-events-buchhandel;Webinar Kreative Events im Buchhandel (SBVV);Kurs;Schweizer Buchhandels- und Verlags-Verband SBVV;online;CH;national;2026-10-28;2026-10-28;bestaetigt;einmalig;Branche;https://www.sbvv.ch/kurs/986/3/;2026-09-08;"Mittwoch, 28. Oktober 2026 von 9:00 - 13:00 Uhr online; Anmeldeschluss 21.10.2026";2026-10-21;Einreichfrist;CHF 240 Mitglieder / CHF 290 Nichtmitglieder;;;;Referentinnen Sarah Lippasson und Carolin Reif. Thema Veranstaltungsformate im Buchhandel - direkter Andockpunkt fuer die Postkarten-Aktion
2026-10_burgdorfer-krimitage;Burgdorfer Krimitage 2026 FILZ;Festival;Burgdorfer Krimitage (Verein);Burgdorf;BE;DCH;2026-10-30;2026-11-08;bestaetigt;zweijaehrlich;Breitenpublikum;https://www.krimitage.ch/krimitage2026/;2026-09-08;Die Krimitage Burgdorf 2026 finden vom 30. Oktober bis 8. November 2026 statt;OFFEN;Programmeingabe;OFFEN;;;;Motto FILZ. Turnus auf der Seite nicht explizit - Vorgaengerausgabe war 2024 also mutmasslich zweijaehrlich. Naechste Ausgabe demnach 2028 ausserhalb des Zeitraums
2026-10_zh-projektbeitrag-literatur;Projektbeiträge Literatur Kanton Zürich;Ausschreibung;Fachstelle Kultur Kanton Zürich;Zürich;ZH;DCH;2026-10-31;2026-10-31;bestaetigt;jaehrlich;Branche;https://www.zh.ch/de/sport-kultur/kultur/kulturfoerderung/kulturschaffende-projekte/literatur.html;2026-09-08;Eingabetermine 28. Februar 30. Juni 31. Oktober;2026-10-31;Einreichfrist;0;wohnsitz;;Kanton ZH (Projektort);für Salon — für Literaturfestivals und -reihen im Kanton Zürich mit mindestens drei Veranstaltungen, Eingabe mindestens drei Monate vor der ersten Veranstaltung. Drei Termine pro Jahr: 28.2., 30.6., 31.10. [Zugang: qualitativ hochwertige Literaturfestivals und -reihen im Kanton Zuerich mit regionaler Aus]
2026-10_wyborada-textcafe;Textcafé (Literaturhaus Wyborada);Reihe;Verein Wyborada;St. Gallen;SG;DCH;2026-10-31;2026-11-28;bestaetigt;monatlich;Schreibende;https://www.wyborada.ch/;2026-09-08;Textcafé, Leitung Ruth Erat, Samstag 17 Uhr, 26.9., 31.10., 28.11.2026;OFFEN;OFFEN;OFFEN;;;;Monatliches Treffen für Autorinnen und Autoren im Atelier der Bibliothek — das Publikum in diesem Raum ist die Zielgruppe des Schreibjahrs selbst
2026-10_schreibszene-idee-buch-zh;Von der Idee zum Buch [Kleingruppe];Kurs;Theorie & Praxis GmbH (Schreibszene);Zürich;ZH;DCH;2026-10-31;2026-10-31;bestaetigt;einmalig;Schreibende;https://schreibszene.ch/schreibkurse-literarisch/;2026-09-08;31.10.2026 Von der Idee zum Buch [Kleingruppe] Zürich aeB 380 CHF;KEINE;KEINE;CHF 380 Kursgebühr;;;;In der SWOT enthalten. Titel verspricht dasselbe wie das Schreibjahr - für einen Tag statt zwölf Monate
2026-10_be-tete-a-tete;Wettbewerb tête-à-tête Kulturvermittlung;Ausschreibung;Amt für Kultur Kanton Bern und Stanley Thomas Johnson Stiftung;Bern;BE;DCH;2026-10-31;2026-10-31;bestaetigt;zweijaehrlich;Fachpublikum;https://www.kultur.bkd.be.ch/de/start/themen/kulturfoerderung/aktuelle-ausschreibungen-kulturfoerderung.html;2026-09-08;Kulturvermittlung Wettbewerb tête-à-tête Publikationstermin 01.09.2026 Eingabefrist 31.10.2026;2026-10-31;Einreichfrist;0;publikation;;Kanton BE (Schule und Projekt);für Salon — Kulturvermittlungsförderung bis CHF 30000, setzt aber eine Kooperation mit einer Berner Schule und Projektstart im Schuljahr 2027/28 voraus, passt deshalb nur bei einem eigenen Schulformat [Zugang: Professionelle, schulexterne Kulturschaffende aller Sparten. Kulturelle Einrichtungen alle]
2026-11_schreibwerk-ost-novemberschreiben;Novemberschreiben 2026;Kurs;Schreibwerk Ost;online;CH;national;2026-11-01;2026-11-30;bestaetigt;jaehrlich;Schreibende;https://www.schreibwerk-ost.ch/naechste-schreibseminare;2026-09-08;1.-30. November Novemberschreiben 2026 online gratis;OFFEN;OFFEN;0;;;;Gratis-Angebot des grössten Deutschschweizer Mitbewerbers - reichweitenstarker Lead-Kanal genau im Monat vor der Schreibjahr-Anmeldephase. In der SWOT nicht erfasst
2026-11_bibliothek-hauptpost-st-gallen;Bibliothek Hauptpost (Kantons- und Stadtbibliothek St. Gallen);Reihe;Bibliothek Hauptpost, Kantons- und Stadtbibliothek St. Gallen;St. Gallen;SG;DCH;2026-11-02;2026-12-14;bestaetigt;laufend;Breitenpublikum;https://www.bibliosg.ch/home/veranstaltungen/agenda.html;2026-09-08;2. November 2026, 18.30 Uhr, Abendlesung mit Antje Ziegler;;;OFFEN;;;;"Agenda ist stark von Einführungs- und Vermittlungsformaten geprägt, Lesungen sind einzelne Abende; Kantonsbibliothek Vadiana gehört zum selben Haus und führt Themenführungen Postkarte muss rund vier Wochen vor dem Termin vor Ort liegen, der Druck davor - Frist aus dem Veranstaltungsdatum gerechnet, nicht publiziert"
2026-11_schaffhauser-buchwoche;Schaffhauser Buchwoche 2026;Festival;Verein Schaffhauser Buchwoche;Schaffhausen;SH;DCH;2026-11-02;2026-11-15;bestaetigt;jaehrlich;Breitenpublikum;https://www.schaffhauserbuchwoche.ch/;2026-09-08;Vom 2. bis 15. November findet die Schaffhauser Buchwoche 2026 statt;;;OFFEN;;;;Besteht seit 1975 - zweiwoechiges Lesefest eines Vereins. Kleine Struktur mit Mitgliederversammlung - vergleichsweise leicht ansprechbar. Postkarte muss rund vier Wochen vor dem Termin vor Ort liegen, der Druck davor - Frist aus dem Veranstaltungsdatum gerechnet, nicht publiziert
2026-11_sbvv-arbeit-am-manuskript;Die Arbeit am Manuskript - Workshop an 2 Tagen (SBVV);Kurs;Schweizer Buchhandels- und Verlags-Verband SBVV;Zuerich;ZH;DCH;2026-11-04;2026-11-11;bestaetigt;jaehrlich;Branche+Fachpublikum;https://www.sbvv.ch/kurs/945/3/;2026-09-08;Mittwoch, 4. und 11. November 2026 jeweils von 9:15 - 17:00 Uhr;2026-10-28;Einreichfrist;CHF 690 Mitglieder / CHF 840 Nichtmitglieder;;;;Leitung Regula Walser, unabhaengige Lektorin. Lektoratsweiterbildung fuer Verlagsmitarbeitende - inhaltlich naechster Nachbar zum Lektoratsteil des Schreibjahrs
2026-11_dis-da-litteratura;Dis da litteratura 2026 per a per;Festival;Uniun per la Litteratura Rumantscha ULR;Chur;GR;DCH;2026-11-06;2026-11-08;bestaetigt;jaehrlich;Breitenpublikum+Schreibende;https://www.disdalitteratura.ch/de/;2026-09-08;Die naechsten Dis da litteratura finden am 6. 7. und 8. November 2026 in der Postremise Chur statt;OFFEN;Einreichfrist;OFFEN;;;;Raetoromanische Literaturtage seit 1990 in Domat/Ems jetzt Postremise Chur. Sprache Raetoromanisch - fuer das Schreibjahr nur relevant wenn eine teilnehmende Person romanisch schreibt. Angeschlossener Schreibwettbewerb Premi Term Bel
2026-11_buch-druckkunst-messe-frauenfeld;HPM26 Buch- und Druckkunst-Messe Frauenfeld;Messe;Buch- und Druckkunst-Messe Frauenfeld;Frauenfeld;TG;DCH;2026-11-06;2026-11-08;bestaetigt;zweijaehrlich;Branche+Fachpublikum+Breitenpublikum;https://www.buch-und-druckkunst-messe.ch/;2026-09-08;"6. bis 8. November 2026, Eisenwerk Frauenfeld; mehr als sechzig Ausstellerinnen und Aussteller";OFFEN;Standanmeldung;OFFEN;;;;Buchkuenstler, Druckgrafiker, Setzerinnen, Typografen, Verlage und Papiermacher. Anmeldefrist und Standkosten nicht auf der Seite - Turnus zweijaehrlich angenommen (HPM-Nummerierung)
2026-11_schreibszene-autobio-olten;Autobiografisches Schreiben [Kleingruppe];Kurs;Theorie & Praxis GmbH (Schreibszene);Olten;SO;DCH;2026-11-07;2026-11-07;bestaetigt;einmalig;Schreibende;https://schreibszene.ch/schreibkurse-literarisch/;2026-09-08;07.11.2026 Autobiografisches Schreiben [Kleingruppe] Olten Flörli 380 CHF;KEINE;KEINE;CHF 380 Kursgebühr;;;;In der SWOT enthalten. Trifft direkt Segment S1 (Lebensgeschichte) in Olten
2026-11_croque-livres-festival;Croque-Livres Festival;Festival;Société de Lecture de Genève;Genève;GE;FCH;2026-11-07;2026-11-08;angekuendigt;jaehrlich;Jugend+Breitenpublikum;https://www.webliterra.ch/rendez-vous-litteraires-romands/festivals-et-salons/;2026-09-08;sa. 7 nov. 10h00-17h00 und di. 8 nov. 2026, 10h00-17h00;OFFEN;Programmeingabe;OFFEN;;;;Kinder- und Jugendliteraturfestival. Fuer die Zielgruppe des Schreibjahrs nicht relevant. Programmseite der Societe de Lecture am 08.09.2026 nicht aufgeschaltet, Beleg ueber Webliterra
2026-11_salon-des-petits-editeurs;Salon des Petits Éditeurs;Messe;Éditions Encre Fraîche;Chêne-Bougeries;GE;FCH;2026-11-07;2026-11-07;bestaetigt;jaehrlich;Breitenpublikum+Branche;https://www.petitsediteurs.ch/;2026-09-08;"Samedi 7 novembre 2026, 9h30 a 18h00; 12e edition";OFFEN;Standanmeldung;OFFEN;;;;Rund 45 Kleinverlage in zwei Saelen (Salle Jean-Jacques Gautier und Espace Nouveau Vallon). Anmeldemodalitaeten fuer Aussteller nicht online
2026-11_vorbereitungstag-1;Vorbereitungstag Schreibjahr 1;Kurs;Salon der Kuenste;Olten;SO;DCH;2026-11-07;2026-11-07;bestaetigt;einmalig;Schreibende;../00_Basis/ECKDATEN.md;2026-09-08;Vorbereitungstag: CHF 150.-, mit Gutschein 100.-;KEINE;KEINE;CHF 150, mit Gutschein 100;;;;"Erster von drei; Postkarten muessen vorher im Buchhandel liegen"
2026-11_buchbasel;Internationales Literaturfestival BuchBasel;Festival;Verein LiteraturBasel;Basel;BS;DCH;2026-11-13;2026-11-15;bestaetigt;jaehrlich;Breitenpublikum+Branche+Fachpublikum;https://www.buchbasel.ch/de/;2026-09-08;13.-15. November 2026;;;OFFEN;;;;Kuratiertes Festival - keine oeffentliche Programmeingabe gefunden. Anfrage an Geschaeftsstelle Theaterstrasse 22 4051 Basel noetig. Schweizer Buchpreis wird hier vergeben. Postkarte muss rund vier Wochen vor dem Termin vor Ort liegen, der Druck davor - Frist aus dem Veranstaltungsdatum gerechnet, nicht publiziert
2026-11_nuit-du-conte;La Nuit du conte en Suisse / Schweizer Erzählnacht / Notte del racconto;Einzelveranstaltung;Institut suisse Jeunesse et Médias (ISJM), Bibliomedia Suisse, UNICEF;landesweit;CH;national;2026-11-13;2026-11-13;bestaetigt;jaehrlich;Breitenpublikum+Jugend;https://isjm.ch/promotion-lecture/actions/nuit-du-conte/;2026-09-08;"La prochaine Nuit du conte aura lieu le vendredi 13 novembre 2026; theme Voci / Voix / Stimmen / Vuschs";OFFEN;Programmeingabe;0;;;;34. Ausgabe. Jede Institution meldet ihren eigenen Anlass an (Anmeldung ab August) - niederschwelliger Andockpunkt, Zielgruppe aber Kinder und Familien
2026-11_schweizer-erzaehlnacht;Schweizer Erzaehlnacht 2026 Stimmen;Einzelveranstaltung;Schweizerisches Institut fuer Kinder- und Jugendmedien SIKJM mit Bibliomedia Schweiz und UNICEF;landesweit;CH;national;2026-11-13;2026-11-13;bestaetigt;jaehrlich;Breitenpublikum+Jugend;https://sikjm.ch/lesen-foerdern/projekte/erzahlnacht/;2026-09-08;Die Erzaehlnacht 2026 findet am Freitag 13. November 2026 statt;OFFEN;Programmeingabe;0;;;;Dezentral - jede Institution kann eine eigene Erzaehlnacht anmelden und wird in die nationale Liste aufgenommen. Keine Frist genannt. Niederschwelligster Andockpunkt im ganzen Raster
2026-11_schweizer-erzaehlnacht-so;Schweizer Erzählnacht 2026;Einzelveranstaltung;Bibliotheken und Schulen schweizweit, koordiniert kantonal;Olten;SO;DCH;2026-11-13;2026-11-13;bestaetigt;jaehrlich;Breitenpublikum+Jugend;https://lesen.so.ch/agenda/;2026-09-08;13.11.2026 Schweizer Erzählnacht, ganze Schweiz;OFFEN;Programmeingabe;OFFEN;;;;"Landesweiter Aktionstag, an dem hunderte Bibliotheken gleichzeitig programmieren; Hauptort hier Olten als Beleg-Quelle des Kantons Solothurn, Anlass findet in der ganzen Schweiz statt"
2026-11_schreibszene-kreativ-zh;Kreatives Schreiben [Kleingruppe];Kurs;Theorie & Praxis GmbH (Schreibszene);Zürich;ZH;DCH;2026-11-14;2026-11-14;bestaetigt;einmalig;Schreibende;https://schreibszene.ch/schreibkurse-literarisch/;2026-09-08;14.11.2026 Kreatives Schreiben [Kleingruppe] Zürich aeB 380 CHF;KEINE;KEINE;CHF 380 Kursgebühr;;;;In der SWOT enthalten
2026-11_fantastica-st-gallen;Buchmesse Fantastica St. Gallen 2026;Messe;Fantastica St. Gallen (Markus Kessler);St. Gallen;SG;DCH;2026-11-15;2026-11-15;bestaetigt;jaehrlich;Branche+Breitenpublikum;https://fantastica-stgallen.ch/aussteller/anmelden/;2026-09-08;Verlage CHF 250, Selfpublisher ganzer Tisch CHF 150, halber Tisch CHF 90;OFFEN;Standanmeldung;CHF 250 Stand Verlage, CHF 150 Selfpublisher ganzer Tisch, CHF 90 halber Tisch;;;;Messe fuer Kleinverlage und Selfpublisher, Lokremise St. Gallen, 15.11.2026, 10-17 Uhr. Stand 27.08.2026 ausgebucht, Warteliste - fuer 2027 frueh anmelden
2026-11_schweizer-buchpreis-verleihung;Verleihung des Schweizer Buchpreis 2026;Preis;Verein LiteraturBasel / SBVV;Basel;BS;DCH;2026-11-15;2026-11-15;bestaetigt;jaehrlich;Branche+Fachpublikum+Breitenpublikum;https://www.sbvv.ch/agenda/3/%C3%9Cber%20uns/Agenda;2026-09-08;15.11.2026 | Verleihung des Schweizer Buchpreis 2026 | Foyer Theater Basel, Basel | 11:00 Uhr;KEINE;KEINE;OFFEN;verlag;;CH oder 2 Jahre in CH (Autor:in);"Findet am Schlusstag der BuchBasel statt (13.-15.11.2026); Nominationen wurden am 10.9.2026 bekanntgegeben. Einreichung laeuft ueber die Verlage, nicht ueber Autor:innen. [Zugang: Verlage koennen im Einverstaendnis mit den Autor:innen maximal zwei Titel einreichen. Eige]"
2026-11_schreibszene-kurzgeschichten-olten;Workshop: Kurzgeschichten [Kleingruppe];Kurs;Theorie & Praxis GmbH (Schreibszene);Olten;SO;DCH;2026-11-15;2026-11-15;bestaetigt;einmalig;Schreibende;https://schreibszene.ch/schreibkurse-literarisch/;2026-09-08;15.11.2026 Workshop: Kurzgeschichten [Kleingruppe] Olten Flörli 380 CHF;KEINE;KEINE;CHF 380 Kursgebühr;;;;In der SWOT enthalten
2026-11_lesestadt-aadorf;Lesestadt Aadorf;Festival;Verein Lesestadt Aadorf;Aadorf;TG;DCH;2026-11-20;2026-11-22;bestaetigt;jaehrlich;Breitenpublikum;https://www.lesestadtaadorf.ch/;2026-09-08;20. bis 22. November 2026;OFFEN;Programmeingabe;OFFEN;;;;Junges Dorffestival mit Autor:innen Erzaehler:innen Journalist:innen und Spoken Word. Getragen von einem Verein mit Buchhandlung und Bibliothek. Genau die Groesse die fuer Patrick zugaenglich ist
2026-11_schreibcouch-vhs-thun-persoenlich;Persönliches Schreiben (Kurs 26-2-3301);Kurs;Schreibcouch Stefanie Carpintero / VHS Thun;Thun;BE;DCH;2026-11-23;2026-11-30;bestaetigt;einmalig;Schreibende;https://schreibcouch.ch/schreibkurse/;2026-09-08;Persönliches Schreiben (Kurs 26-2-3301) 23.-30.11.2026 montags 18-20 Uhr 100.- CHF;KEINE;KEINE;CHF 100;;;;In der SWOT als nicht belegbar vermerkt - jetzt mit Preis belegt
2026-11_buch-wien;BUCH WIEN 2026;Messe;BUCH WIEN GmbH / SBVV (Gemeinschaftsstand);Wien;AT;national;2026-11-25;2026-11-29;bestaetigt;jaehrlich;Branche+Breitenpublikum;https://www.sbvv.ch/fairDetail/203/8/BUCH%20WIEN;2026-09-08;"25.11.2026 - 29.11.2026; Anmeldeschluss: 06.05.2026; SBVV-Gemeinschaftsstand D15";2026-05-06;Standanmeldung;OFFEN;;;;Anmeldeschluss fuer den Schweizer Gemeinschaftsstand ist verstrichen. Direktverkauf am Stand erlaubt, 72'000 Besuchende 2025
2026-11_schreibwerk-ost-histor-romane;Historische Romane schreiben;Kurs;Schreibwerk Ost;Uesslingen Iselisberg;TG;DCH;2026-11-27;2026-11-28;bestaetigt;einmalig;Schreibende;https://www.schreibwerk-ost.ch/naechste-schreibseminare;2026-09-08;27.-28. November Historische Romane schreiben Iselisberg 490 CHF;KEINE;KEINE;CHF 490;;;;Anbieter steht in der SWOT
2026-11_schweizer-symposium-uebersetzerinnen;18. Schweizer Symposium fuer literarische Uebersetzer*innen;Tagung;A*dS Autorinnen und Autoren der Schweiz;Bern;BE;DCH;2026-11-28;2026-11-28;bestaetigt;jaehrlich;Fachpublikum+Schreibende+Branche;https://www.a-d-s.ch/uebersetzer-innensymposium/;2026-09-08;28. November: 18. Schweizer Symposium fuer literarische Uebersetzer*innen, Berner Generationenhaus, Bahnhofplatz 2;OFFEN;Einreichfrist;OFFEN;;;;Thema Beugen, articuler, flettere: uebersetzen mit Leib und Seele. Anmeldefrist und Kosten stehen nicht auf der Seite, nur ein Anmeldelink
2026-11_schreibszene-idee-buch-olten;Von der Idee zum Buch [Kleingruppe];Kurs;Theorie & Praxis GmbH (Schreibszene);Olten;SO;DCH;2026-11-28;2026-11-28;bestaetigt;einmalig;Schreibende;https://schreibszene.ch/schreibkurse-literarisch/;2026-09-08;28.11.2026 Von der Idee zum Buch [Kleingruppe] Olten Flörli 380 CHF;KEINE;KEINE;CHF 380 Kursgebühr;;;;In der SWOT enthalten und dort als Terminkollision markiert - eine Woche vor dem 2. Vorbereitungstag am 05.12.2026 am selben Ort
2026-11_schreibwerk-ost-idee-buch;Von der Idee zum Buch;Kurs;Schreibwerk Ost;Uesslingen Iselisberg;TG;DCH;2026-11-29;2026-11-29;bestaetigt;einmalig;Schreibende;https://www.schreibwerk-ost.ch/naechste-schreibseminare;2026-09-08;29. November Von der Idee zum Buch Iselisberg 280 CHF;KEINE;KEINE;CHF 280;;;;Anbieter steht in der SWOT. Zweites Angebot mit diesem Titel im November 2026 neben Schreibszene Olten am 28.11
2026-12_feierabenddrink-zuerich-liest;Feierabenddrink mit Zuerich liest;Einzelveranstaltung;Zuerich liest / SBVV;Zuerich;ZH;DCH;2026-12-02;2026-12-02;bestaetigt;monatlich;Branche+Fachpublikum;https://www.sbvv.ch/agenda/3/%C3%9Cber%20uns/Agenda;2026-09-08;02.12.2026 | Zuerich | Karl der Grosse, Bistrot | 19:00 Uhr;OFFEN;KEINE;OFFEN;;;;Wiederkehrender Branchentreff, weiterer Termin am 14.10.2026 am selben Ort. Anmeldung ueber ein Google-Formular, das in der SBVV-Agenda verlinkt ist
2026-12_kulturtipp-ausgabe-26;kulturtipp Ausgabe 26/26;Reihe;Konsumenteninfo AG / Ki Media GmbH;Zürich;CH;national;2026-12-03;2026-12-03;bestaetigt;laufend;Breitenpublikum;https://www.kimedia.ch/fileadmin/content/kimedia/Mediadaten_aktuell/D-Mediadaten-Kulturtipp_aktuell.pdf;2026-09-08;26/26 03.12.2026 Anzeigenschluss 25.11.2026 Druckmaterial 27.11.2026;;;1/4 Seite CHF 1200 - 1/8 Seite CHF 650 - 15% Kulturveranstaltungsrabatt;;;;Präziser Zielgruppentreffer für Segment S1: 52000 Leser pro Ausgabe - 76.7% sind 55-99 Jahre - 81% Interesse an Literatur (MACH Basic 2025-2). 9696 verkaufte Expl. Die Mediadaten enden mit Ausgabe 26/26 - für 2027 sind keine Termine publiziert. ACHTUNG: Quelle am 8.9.2026 nicht auslesbar (HTTP 403, im Browser nur als Download). Anzeigenschluss 25.11.2026 ist damit UNGEPRUEFT - vor dem Buchen bei kimedia nachfragen
2026-12_festival-rilke-sierre;Festival Rilke 2026 – Sierre / Muzot / Rarogne;Festival;Fondation Rilke;Sierre;VS;FCH;2026-12-04;2026-12-06;bestaetigt;einmalig;Breitenpublikum+Fachpublikum;https://www.fondationrilke.ch/actualites/festival-rilke-2026;2026-09-08;du 4 au 6 decembre 2026 a Sierre / Muzot / Rarogne;KEINE;KEINE;OFFEN, Apero im Teilnahmebeitrag inbegriffen;;;;"Schlussetappe des Festivals zum 100. Todestag Rilkes (29.12.1926); zweisprachiger Anlass an der Sprachgrenze, Reise und Unterkunft individuell"
2026-12_schreibszene-autobio-zh;Autobiografisches Schreiben [Kleingruppe];Kurs;Theorie & Praxis GmbH (Schreibszene);Zürich;ZH;DCH;2026-12-05;2026-12-05;bestaetigt;einmalig;Schreibende;https://schreibszene.ch/schreibkurse-literarisch/;2026-09-08;05.12.2026 Autobiografisches Schreiben [Kleingruppe] Zürich aeB 380 CHF;KEINE;KEINE;CHF 380 Kursgebühr;;;;In der SWOT enthalten. Taggleich mit dem 2. Vorbereitungstag des Schreibjahrs (05.12.2026) - konkurriert um dieselben Leute in Zürich
2026-12_vorbereitungstag-2;Vorbereitungstag Schreibjahr 2;Kurs;Salon der Kuenste;Olten;SO;DCH;2026-12-05;2026-12-05;bestaetigt;einmalig;Schreibende;../00_Basis/ECKDATEN.md;2026-09-08;Vorbereitungstag: CHF 150.-, mit Gutschein 100.-;KEINE;KEINE;CHF 150, mit Gutschein 100;;;;EIGENER TERMIN
2026-12_sbvv-pizza-treffen;SBVV-Pizza-Treffen;Einzelveranstaltung;Schweizer Buchhandels- und Verlags-Verband SBVV;Zuerich;ZH;DCH;2026-12-08;2026-12-08;bestaetigt;laufend;Branche;https://www.sbvv.ch/agenda/3/%C3%9Cber%20uns/Agenda;2026-09-08;08.12.2026 | SBVV-Geschaeftsstelle, Zuerich | ab 19 Uhr;OFFEN;KEINE;OFFEN;;;;Informelles Branchentreffen ohne Programm - die guenstigste Gelegenheit, Verlags- und Buchhandelsleute persoenlich zu treffen. Anmeldung per Mail ans Sekretariat
2026-12_edicion;edicion;Messe;Haus am Gern;Biel/Bienne;BE;FCH;2026-12-12;2026-12-13;angekuendigt;jaehrlich;Branche+Fachpublikum;https://www.webliterra.ch/rendez-vous-litteraires-romands/festivals-et-salons/;2026-09-08;"12 und 13 dec. 2026; die Buchmesse wird bilingue ausgerichtet sein";OFFEN;Standanmeldung;OFFEN;;;;Zweisprachige Messe der unabhaengigen Verlage und Kuenstlerbuecher. Offizielle Seite edicion.ch nennt am 08.09.2026 noch kein Datum, Beleg deshalb ueber das Portal Webliterra
2026-12_bsbl-fachausschuss-literatur;Werk- Mentoring- Entwicklungs- und Publikationsbeiträge Fachausschuss Literatur BS/BL;Ausschreibung;Fachausschuss Literatur Basel-Stadt und Basel-Landschaft;Liestal;BL;DCH;2026-12-15;2026-12-15;bestaetigt;jaehrlich;Schreibende;https://www.bs.ch/pd/kultur/kulturfoerderung/projekt-und-programmfoerderung/literatur;2026-09-08;Eingabetermine für Beitragsgesuche 25. März 2026 5. August 2026 15. Dezember 2026;2026-12-15;Einreichfrist;0;publikation;;Kanton BS oder BL 12 Monate;für Teilnehmende — gemeinsame Literaturförderung beider Basel mit jährlich CHF 260000, neben Werkbeiträgen auch ein Mentoringbeitrag, was zur Schreibjahr-Logik passt. Regionaler Bezug nötig, drei Termine pro Jahr [Zugang: Als professionell taetig gilt, wer sein Literaturschaffen (haupt)beruflich ausuebt und ueb]
2026-12_proz-agenda-januar-2027;PROZ Agenda - Veranstaltungseingabe Ausgabe Januar 2027;Reihe;ProgrammZeitung Verlags AG;Basel;BS;DCH;2026-12-29;2026-12-29;bestaetigt;monatlich;Breitenpublikum;https://www.proz.online/download/Content_attachments/FileBaseDoc/PROZ-Tarife.pdf;2026-09-08;Einsendefrist Am 6. des jeweiligen Vormonats - Per E-Mail an agenda@proz.online;2026-12-06;Programmeingabe;0 Eintrag gratis - Foto CHF 95;;;;WICHTIG: Kurse Workshops und Reisen können nicht in die Agenda aufgenommen werden - dafür gibt es die kostenpflichtige Angebotsseite. Eine Lesung oder ein Infoanlass des Schreibjahrs geht dagegen gratis rein. Auflage 3827 Expl. Erscheinungstermin Januar-Ausgabe Di 29.12.2026
2026-12_proz-kurse-workshops;PROZ Angebotsseite Kurse Workshops Reisen;Reihe;ProgrammZeitung Verlags AG;Basel;BS;DCH;2026-12-29;2026-12-29;bestaetigt;monatlich;Breitenpublikum;https://www.proz.online/download/Content_attachments/FileBaseDoc/PROZ-Tarife.pdf;2026-09-08;Anlieferung Bis spätestens zum 10. des Vormonats per E-Mail an inserate@proz.online;;;CHF 120 für 3 Ausgaben - 210 für 6 - 330 für 11 - Bild plus CHF 50;;;;Der günstigste bezahlte Kanal im Fundus: 3 Ausgaben für CHF 120 exkl. MwSt bei 9000 Leserinnen im Raum Basel. Max. 190 Zeichen. Mindestens 3 Ausgaben buchbar. Rubrik wählbar - für das Schreibjahr passt Geist & Seele oder Gestaltung Werken & Kunst
2026-12_proz-kulturszene-inserat;PROZ Kulturszene-Beitrag und Inserat Ausgabe Januar 2027;Reihe;ProgrammZeitung Verlags AG;Basel;BS;DCH;2026-12-29;2026-12-29;bestaetigt;monatlich;Breitenpublikum;https://www.proz.online/download/Content_attachments/FileBaseDoc/PROZ-Mediadaten.pdf;2026-09-08;Januar 2027 Inserateschluss Mi 16.12.2026 Erscheinungstermin Di 29.12.2026;;;Kulturszene 1/4 Seite CHF 420 - Inserat Agenda 1/4 Seite CHF 700 - Magazin 1/4 CHF 950;;;;Redaktionsschluss Kulturszene ist der 1. des Vormonats also 01.12.2026 - Inserateschluss 16.12.2026. Der Kulturszene-Beitrag ist redaktionell gestaltet und wirkt weniger wie Werbung. Alle Preise exkl. 8.1% MwSt Stand 30.11.2025
2026-12_prix-vanil-noir;Prix Vanil Noir;Ausschreibung;Éditions Montsalvens;Fribourg;FR;FCH;2026-12-29;2026-12-29;bestaetigt;jaehrlich;Schreibende;https://www.webliterra.ch/concours-litteraires/;2026-09-08;Prix Vanil Noir, Editions Montsalvens: 29 dec. 2026;2026-12-29;Einreichfrist;OFFEN;offen;;CH;Schreibwettbewerb fuer unveroeffentlichte franzoesischsprachige Texte. Nur auf Franzoesisch - fuer die Zielgruppe des Schreibjahrs nicht nutzbar, gehoert aber zum Konkurrenzbild der Romandie. [Zugang: ouvert a tout auteur francophone habitant en Suisse. Seuls les textes n ayant jamais ete p]
2026-12_prix-ecriture-gruyeres;Prix d'Écriture de la ville de Gruyères;Ausschreibung;Éditions de l'Hèbe;Gruyères;FR;FCH;2026-12-31;2026-12-31;bestaetigt;jaehrlich;Schreibende;https://www.webliterra.ch/concours-litteraires/;2026-09-08;Prix d Ecriture ville Gruyeres, Editions de l Hebe: 31 decembre 2026;2026-12-31;Einreichfrist;OFFEN;offen;;;Franzoesischsprachiger Schreibwettbewerb mit Publikationsaussicht. Beleg ueber die Wettbewerbsliste von Webliterra, dem Portal der Romandie. [Zugang: adresse aux auteur.e.s de 15 ans et plus. Recits, contes, nouvelles]
2027-00_bourses-ecriture-vaud;Bourses artistiques 2027 – Bourses Écriture et BD;Ausschreibung;État de Vaud, Direction générale de la culture;Lausanne;VD;FCH;2027-00-00;2027-00-00;erwartet;jaehrlich;Schreibende;https://www.vd.ch/actualites/communiques-de-presse-de-letat-de-vaud/detail/communique/letat-met-aux-concours-ses-bourses-artistiques-2027;2026-09-08;"Bourses Ecriture et BD, dotee chacune de 15 000 francs; dossiers en ligne avant le 15 septembre 2026";2026-09-15;Einreichfrist;0, Stipendium CHF 15'000;publikation;;Kanton VD (Wohnsitz oder Herkunft);Nur fuer Waadtlaender Herkunft oder Wohnsitz - fuer Deutschschweizer Teilnehmende nicht zugaenglich, zeigt aber die Hoehe kantonaler Schreibfoerderung in der Romandie. Frist in einer Woche. [Zugang: professionnels ayant publie au moins un livre a compte d editeur, d origine vaudoise ou do]
2027-XX_burgschreiber-laufenburg;Burgschreiberin zu Laufenburg;Ausschreibung;Stadt Laufenburg;Laufenburg;AG;DCH;2027-00-00;2027-00-00;bestaetigt;jaehrlich;Schreibende;https://www.a-d-s.ch/foerderungen/ausschreibungen/?article=ausschreibung_zur_bewerbung_als_burgschreiber_in_zu_laufenburg_10_03_2026;2026-09-08;Einsendeschluss: 31. Oktober 2026;2026-10-31;Einreichfrist;0;publikation;;;nicht für Teilnehmende — verlangt mindestens eine selbstständige nicht im Eigenverlag erschienene Publikation. Offizielle Seite burgschreiber-laufenburg.com, belegt hier über das Ausschreibungsportal des A*dS [Zugang: Die bewerbende Person muss mindestens eine selbststaendige, nicht im Eigenverlag erschiene]
2027-00_ch-slam-zuerich;CH-Slam 27 - Schweizer Meisterschaften im Poetry Slam;Festival;Verein Solarplexus;Zuerich;ZH;DCH;2027-00-00;2027-00-00;angekuendigt;jaehrlich;Breitenpublikum+Schreibende;https://poetryslam.ch/schweizer_meisterschaften/;2026-09-08;2027 - Zuerich;OFFEN;Einreichfrist;OFFEN;;;;Ort 2027 steht fest Datum noch nicht. Normalerweise findet die Anmeldephase im November statt - Frist daraus abgeleitet. Teilnahme setzt regelmaessige Buehnenpraesenz voraus. poetryslam.ch: 'Normalerweise findet die Anmeldephase im November statt' - kein konkreter Schlusstermin publiziert. Ort Zuerich bestaetigt
2027-XX_ernst-goehner-stiftung;Gesuche Ernst Göhner Stiftung;Ausschreibung;Ernst Göhner Stiftung;Zug;ZG;DCH;2027-00-00;2027-00-00;bestaetigt;laufend;Fachpublikum;https://www.ernst-goehner-stiftung.ch/gesuche;2026-09-08;Bis zum 14. November 2026 müssen Gesuche per Post eingereicht werden;;;0;verlag;;CH (Wirkung in der Schweiz);"für Salon — allgemeine Projektförderung, Gesuch muss mindestens fünf Monate vor Projektbeginn eingehen. Zwischen 15. und 30. November 2026 werden keine Gesuche angenommen, ab 1.12.2026 nur noch online. Gesuche laufend, mind. 5 Monate vor Projektbeginn. Der 14.11.2026 ist nur der letzte Posteingang vor der Systemumstellung; ab 1.12.2026 laeuft die Eingabe online weiter, zwischen 15. und 30.11.2026 pausiert sie. Gesuch muss mindestens fuenf Monate vor Projektbeginn eingehen; fuer einen Jahrgang ab Januar 2028 heisst das Ende Juli 2027. Kein publizierter Stichtag. [Zugang: Sie unterstuetzt keine Einzelpersonen, sondern nur Institutionen oder Gruppierungen mit qu]"
2027-XX_be-schaffensprozesse-literatur;Literaturförderung literarische Schaffensprozesse Kanton Bern;Ausschreibung;Amt für Kultur Kanton Bern;Bern;BE;DCH;2027-00-00;2027-00-00;bestaetigt;laufend;Schreibende;https://www.kultur.bkd.be.ch/de/start/themen/kulturfoerderung/foerderung/kulturfoerderung-literatur/literaturfoerderung-literarische-schaffensprozesse.html;2026-09-08;Laufende Gesuchseingabe via elektronisches Gesuchsportal;OFFEN;Einreichfrist;0;publikation;;Kanton BE;für Teilnehmende — laufend also keine Stichtagsfrist, verlangt aber professionellen Standard und die finanzielle Beteiligung der Wohngemeinde, keine Altersgrenze genannt [Zugang: Professionelle Literaturschaffende mit Bezug zum Kanton Bern. Professioneller Standard. Fi]
2027-XX_looren-exzellenzstipendien;Looren-Exzellenzstipendien 2027;Ausschreibung;Übersetzerhaus Looren;Wernetshausen;ZH;DCH;2027-00-00;2027-00-00;bestaetigt;jaehrlich;Schreibende;https://www.a-d-s.ch/foerderungen/ausschreibungen/?article=looren_exzellenzstipendien_2023;2026-09-08;Einsendeschluss: 28. Oktober 2026;2026-10-28;Einreichfrist;0;publikation;;;nicht für Teilnehmende — nur für literarische Übersetzerinnen, Max Geilinger-Exzellenzstipendium für Übersetzungen aus dem oder ins Englische. Offizielle Seite looren.net [Zugang: Kopie des beiderseitig unterschriebenen Verlagsvertrags. Nur fuer Uebersetzende eines konk]
2027-00_prix-rts-litterature-ados;Prix RTS littérature ados 2027;Preis;RTS Radio Télévision Suisse;Lausanne;VD;FCH;2027-00-00;2027-00-00;erwartet;jaehrlich;Jugend+Fachpublikum;https://actualitte.com/article/132387/prix-litteraires/le-prix-rts-litterature-ados-2027-lance-ses-inscriptions-en-suisse-romande;2026-09-08;Les inscriptions se cloturent le 30 septembre 2026;2026-09-30;Einreichfrist;0;publikation;;;"Lesegruppen von 13- bis 15-Jaehrigen in der Romandie; Verleihungsdatum 2027 nicht publiziert. Fuer die Zielgruppe nicht relevant, zeigt aber wie die Romandie Lesefoerderung organisiert. Beleg ueber Fachpresse. [Zugang: Le choix des titres a ete effectue par le comite de selection du prix. Keine offene Einrei]"
2027-XX_ph-recherchebeitrag-literatur;Recherchebeitrag Literatur und Comics;Ausschreibung;Schweizer Kulturstiftung Pro Helvetia;Zürich;CH;national;2027-00-00;2027-00-00;bestaetigt;laufend;Schreibende;https://prohelvetia.ch/de/foerderung-finden/recherchebeitrag-literatur-und-comics/;2026-09-08;Eingabedatum ganzjährig offen. Eröffnung des Entscheids innerhalb von acht Wochen;OFFEN;Einreichfrist;0;publikation;;CH (Buergerrecht oder staendiger Wohnsitz);für Teilnehmende — ganzjährig offen also keine Stichtagsfrist, max. CHF 5000, setzt wie der Kreationsbeitrag mindestens eine Buchpublikation voraus, keine Altersgrenze [Zugang: Autor:innen mit mind. einer eigenstaendigen literarischen Publikation bei einem profession]
2027-00_schweizer-bibliothekskongress;Schweizer Bibliothekskongress 2027;Tagung;Bibliosuisse;Aarau;CH;national;2027-00-00;2027-00-00;erwartet;zweijaehrlich;Fachpublikum+Branche;https://www.bibliosuisse.ch/Bildung/Weiterbildung/Kongress;2026-09-08;Alle zwei Jahre fuehrt der Verband einen Kongress durch;OFFEN;Standanmeldung;OFFEN;;;;Letzte Ausgabe Bern 2025 (Ende Oktober), davor Zuerich 2023 (November) - naechste Ausgabe damit voraussichtlich Herbst 2027, Datum und Ort am 08.09.2026 nicht publiziert. Kongress hat einen Ausstellerbereich
2027-XX_schweizer-literaturwettbewerb-bak;Schweizer Literaturwettbewerb / Schweizer Literaturpreise;Preis;Bundesamt für Kultur BAK;Bern;CH;national;2027-00-00;2027-00-00;erwartet;jaehrlich;Schreibende+Fachpublikum;https://www.schweizerkulturpreise.ch/de/informationen;2026-09-08;Am Wettbewerb Schweizer Literaturpreise können Schweizerinnen und Schweizer oder in der Schweiz wohnhafte Autorinnen teilnehmen;OFFEN;Einreichfrist;0;publikation;;CH (Buergerrecht oder Wohnsitz);nicht für Teilnehmende — verlangt ein im Vorjahr publiziertes Werk, Preisgeld je CHF 25000, keine Altersgrenze. Frist lag in den Vorjahren Ende Juni, liess sich am 8.9.2026 nicht belegen weil die BAK-Anmeldeseite 404 liefert [Zugang: Die Anmeldung gilt fuer ein im Vorjahr publiziertes literarisches Werk in einer Landesspra]
2027-XX_ubs-kulturstiftung;UBS Kulturstiftung Förderung Literatur;Ausschreibung;UBS Kulturstiftung;Zürich;ZH;DCH;2027-00-00;2027-00-00;bestaetigt;laufend;Schreibende;https://www.a-d-s.ch/foerderungen/ausschreibungen/?article=ubs_kulturstiftung;2026-09-08;Gesuche werden laufend entgegengenommen;OFFEN;Einreichfrist;0;publikation;;CH (Nationalitaet oder Wohnsitz);nicht für Teilnehmende — fördert professionelle Schriftstellerinnen und Übersetzerinnen deren Werk überregionale Bedeutung erlangt hat, also mit Werkausweis. Laufend also keine Stichtagsfrist. Offizielle Seite ubs.com [Zugang: Werkbeitraege an literarische Projekte von Autorinnen und Autoren mit mindestens einer eig]
2027-XX_landisgyr-werkstipendien;Werkstipendien 2027 Landis und Gyr Stiftung;Ausschreibung;Landis und Gyr Stiftung;Zug;ZG;DCH;2027-00-00;2027-00-00;bestaetigt;jaehrlich;Schreibende;https://www.lg-stiftung.ch/de/gesuch-einreichen;2026-09-08;WERKSTIPENDIEN 2027 Bewerbungszeitraum: 01.12.2026–31.01.2027;2027-01-31;Einreichfrist;0;publikation;;CH;für Teilnehmende — gleiche Frist wie die Atelierstipendien, Wohnsitz Schweiz nötig, keine Altersgrenze, aber herausragende Leistung in der Sparte vorausgesetzt [Zugang: Voraussetzung fuer eine Teilnahme ist eine herausragende Leistung. Nicht fuer am Anfang ih]
2027-XX_zuger-uebersetzer-stipendium;Zuger Übersetzer-Stipendium 2027;Ausschreibung;Zuger Übersetzer Stiftung;Zug;ZG;DCH;2027-00-00;2027-00-00;bestaetigt;jaehrlich;Schreibende;https://www.a-d-s.ch/foerderungen/ausschreibungen/?article=zuger_uebersetzer_stipendium_2021;2026-09-08;Anmeldeschluss: 6. November 2026;2026-11-06;Einreichfrist;0;publikation;;;nicht für Teilnehmende — nur für literarische Übersetzerinnen mit bereits vorliegenden Buchübersetzungen. Eigenbewerbungen ausdrücklich erwünscht. Offizielle Seite zugeruebersetzer.ch [Zugang: Von den Bewerber*innen sollten bereits Uebersetzungen in Buchform vorliegen. Nur fuer lite]
2027-01_mrl-residences-litteraires;Résidences littéraires 2027 – Maison Rousseau et Littérature;Ausschreibung;Maison Rousseau et Littérature (MRL);Genève;GE;FCH;2027-01-00;2027-12-00;erwartet;jaehrlich;Schreibende;https://m-r-l.ch/;2026-09-08;Residences litteraires 2027: L appel a candidatures est ouvert!;OFFEN;Einreichfrist;0, Stipendium CHF 2000 pro Monat;wohnsitz;;Suisse romande 2 Jahre;"Nur fuer seit mindestens zwei Jahren in der Romandie wohnhafte Personen - fuer Teilnehmende des Schreibjahrs nicht zugaenglich. Frist 2027 nicht publiziert; fuer 2026 galt der 20.10.2025. [Zugang: ecrivaines et ecrivains domicilies en Suisse romande depuis au moins deux ans, experience ]"
2027-01_jahrgang-2027;Schreibjahr 2027, Jahrgang laeuft;Kurs;Salon der Kuenste;Olten/Basel/Zuerich;CH;DCH;2027-01-00;2027-12-31;bestaetigt;laufend;Schreibende;../00_Basis/ECKDATEN.md;2026-09-08;14 Teilnehmende, 12 Monate, Januar-Dezember 2027;KEINE;KEINE;CHF 295/Mt, mit Patenschaft 445;;;;14 Teilnehmende, 13 Praesenztage, ~100 Kontaktstunden
2027-01_be-schreibstipendien;Berner Schreibstipendien;Ausschreibung;Amt für Kultur Kanton Bern;Bern;BE;DCH;2027-01-08;2027-01-08;bestaetigt;jaehrlich;Schreibende;https://www.kultur.bkd.be.ch/de/start/themen/kulturfoerderung/aktuelle-ausschreibungen-kulturfoerderung.html;2026-09-08;Literatur Schreibstipendien Publikationstermin 16.11.2026 Eingabefrist 08.01.2027;2027-01-08;Einreichfrist;0;publikation;;Kanton BE 2 Jahre;für Teilnehmende — Ausschreibung wird am 16.11.2026 publiziert, Bewerbung nur auf offene Ausschreibung hin möglich. Voraussetzungen erst mit der Publikation bekannt, professioneller Standard und Berner Bezug sind bei allen Berner Instrumenten Bedingung [Zugang: bereits mindestens ein literarisches Werk veroeffentlicht. Publikationen im Eigen- und ode]
2027-01_vorbereitungstag-3;Vorbereitungstag Schreibjahr 3;Kurs;Salon der Kuenste;Olten;SO;DCH;2027-01-09;2027-01-09;bestaetigt;einmalig;Schreibende;../00_Basis/ECKDATEN.md;2026-09-08;Dritter Vorbereitungstag 9.1.2027 (BEFUND_Widersprueche.md, Stand Patrick 08.09.2026);OFFEN;OFFEN;CHF 150, mit Gutschein 100;;;;md laesst ausdruecklich offen, ob der 21.1.2027 Gutscheinablauf, Bewerbungsschluss oder beides ist. Programm nennt dafuer 20.1., Einsatzplan 31.1., Postkarte V9 den ueberholten 5.1. Solange das nicht entschieden ist, traegt die Zeile keine Frist
2027-01_ag-projektbeitrag-literatur;Freiraum Projektbeitrag Druckkostenbeitrag Programmbeitrag Literatur Kanton Aargau;Ausschreibung;Aargauer Kuratorium;Aarau;AG;DCH;2027-01-10;2027-01-10;bestaetigt;jaehrlich;Schreibende+Branche;https://www.aargauerkuratorium.ch/termine/literatur;2026-09-08;10. Januar 2027 Freiraum Projektbeitrag Druckkostenbeitrag Programmbeitrag;2027-01-10;Einreichfrist;0;publikation;;Kanton AG 2 Jahre oder 15 Jahre frueher;für Salon — Freiraum finanziert offene Projektideen bis CHF 15000, Programmbeitrag Veranstaltungsreihen. Verfallfrist ohne Verlängerung. Aargauer Bezug nötig, weitere Termine 10.5. und 10.9. [Zugang: Gefoerdert werden professionell taetige Aargauer Kuenstlerinnen und Kuenstler. Zivilrechtl]
2027-01_be-auslandstipendien;Auslandstipendien Kanton Bern spartenübergreifend;Ausschreibung;Amt für Kultur Kanton Bern;Bern;BE;DCH;2027-01-11;2027-01-11;bestaetigt;jaehrlich;Schreibende;https://www.kultur.bkd.be.ch/de/start/themen/kulturfoerderung/aktuelle-ausschreibungen-kulturfoerderung.html;2026-09-08;Spartenübergreifend Auslandstipendien Publikationstermin 12.10.2026 Eingabefrist 11.01.2027;2027-01-11;Einreichfrist;0;publikation;;Kanton BE 2 Jahre;für Teilnehmende — spartenübergreifend also auch für Literatur offen, Ausschreibung erscheint am 12.10.2026 [Zugang: professionelle Berner Kulturschaffende jeden Alters mit ueberzeugendem Leistungsausweis. G]
2027-01_schreibwerk-ost-schreibabo-plus;Schreib-Abo plus 2027;Kurs;Schreibwerk Ost;Uesslingen Iselisberg;TG;DCH;2027-01-15;2027-12-00;bestaetigt;jaehrlich;Schreibende;https://www.schreibwerk-ost.ch/naechste-schreibseminare;2026-09-08;Schreib-Abo plus 2027 Start 15. Januar Iselisberg CHF 880.00;OFFEN;OFFEN;CHF 880;;;;In der SWOT als Aufbau-Abo plus ohne Preis geführt - der Preis ist jetzt publiziert (CHF 880) und damit deutlich tiefer als das Schreibjahr. Neu seit 04.09. belegt
2027-01_edition-unik-fruehjahr;Edition Unik Frühjahrsrunde 2027;Kurs;Verein Edition Unik (Migros-Kulturprozent);Zürich;CH;national;2027-01-18;2027-05-00;bestaetigt;jaehrlich;Schreibende;https://www.edition-unik.ch/anmelden;2026-09-08;Frühjahrsrunde 2027 18. Januar 2027 - Mai (KW 03 - KW 19) Anmeldeschluss 27. Dezember 2026;2026-12-27;Einreichfrist;CHF 550 Teilnahmegebühr;;;;In der SWOT als Zubringer geführt. Anmeldeschluss liegt vier Wochen vor der Schreibjahr-Frist (21.01.2027) - im Dezember konkurrieren beide um dieselbe Entscheidung
2027-01_bewerbungsschluss;Einsendeschluss Bewerbung Schreibjahr 2027;Ausschreibung;Salon der Kuenste;Olten;SO;DCH;2027-01-21;2027-01-21;bestaetigt;einmalig;Schreibende;../00_Basis/ECKDATEN.md;2026-09-08;Einsendeschluss Bewerbung Schreibjahr 21.1.2027;2027-01-21;Einreichfrist;0;offen;;;Nicht mit QR-Frist 9.1. verwechseln - zwei verschiedene Fristen [Zugang: ECKDATEN.md nennt keine Publikations-, Alters- oder Wohn]
2027-01_lyrikfestival-basel;23. Internationales Lyrikfestival Basel;Festival;Verein Internationales Lyrikfestival Basel c/o LiteraturBasel;Basel;BS;DCH;2027-01-28;2027-01-31;bestaetigt;jaehrlich;Breitenpublikum+Fachpublikum+Schreibende;https://lyrikfestival-basel.ch/;2026-09-08;23. INTERNATIONALES LYRIKFESTIVAL BASEL 28.-31. JANUAR 2027;;;OFFEN;;;;"Der 3.12.2026 ist der Tag, an dem das Programm PUBLIZIERT wird, kein Eingabeschluss - die Seite nennt keine Programmeingabe-Frist; wer ins Programm will, muss deutlich davor anfragen. Postkarte muss rund vier Wochen vor dem Termin vor Ort liegen, der Druck davor - Frist aus dem Veranstaltungsdatum gerechnet, nicht publiziert"
2027-01_schreibwerk-ost-expose;Exposé schreiben;Kurs;Schreibwerk Ost;Uesslingen Iselisberg;TG;DCH;2027-01-29;2027-01-29;bestaetigt;einmalig;Schreibende;https://www.schreibwerk-ost.ch/naechste-schreibseminare;2026-09-08;Exposé schreiben 29. Januar Iselisberg CHF 350.00;KEINE;KEINE;CHF 350;;;;Anbieter steht in der SWOT. Exposé ist eine der Kernleistungen des Schreibjahrs - hier als Tageskurs für 350 Franken
2027-01_le-roman-des-romands;Le Roman des Romands;Preis;Association pour le Roman des Romands;Sion;VS;FCH;2027-01-29;2027-01-29;bestaetigt;jaehrlich;Jugend+Fachpublikum;https://romandesromands.ch/editions/edition-2026-2027/;2026-09-08;"12 janvier 2027 vote des delegue-e-s; 29 janvier 2027 ceremonie de remise du prix a Sion";OFFEN;Einreichfrist;OFFEN;publikation;;Romandie (Autor:in);"17. Ausgabe, Schuelerjury fuer sechs Romane aus der Romandie; 29.10.2026 Debatten am Lycee Jean-Piaget Neuchatel. Frankophon, fuer die Zielgruppe des Schreibjahrs nicht relevant. [Zugang: Le Comite de lecture est charge de lire les romans suisses parus dans l annee et d etablir]"
2027-01_schreibwerk-ost-autobiografisch;Autobiographisches Schreiben;Kurs;Schreibwerk Ost;Uesslingen Iselisberg;TG;DCH;2027-01-30;2027-02-06;bestaetigt;einmalig;Schreibende;https://www.schreibwerk-ost.ch/naechste-schreibseminare;2026-09-08;Autobiographisches Schreiben 30. Jan. & 6. Feb. Iselisberg CHF 490.00;KEINE;KEINE;CHF 490;;;;Anbieter steht in der SWOT. Zwei Samstage
2027-01_bz-boerse;BZ-Boerse 2027;Messe;Buchzentrum AG (BZ), Haegendorf;Olten;SO;DCH;2027-01-31;2027-02-01;bestaetigt;jaehrlich;Branche;https://www.buchzentrum.ch/de/buchzentrum/fuer-buchhandlungen_1/dienstleistungen/BZ-Boerse;2026-09-08;Sonntag, 31. Januar, und Montag, 1. Februar 2027, Schuetzi Olten, Schuetzenmattweg 15;2026-11-20;Akkreditierung;OFFEN;;;;Verlagsvertreter-Boerse fuer Schweizer Buchhandlungen im Speed-Dating-Format, direkt in Olten. Tisch-/Standgebuehren nicht publiziert - beim Buchzentrum erfragen. Der 20.11.2026 ist der allgemeine Anmeldeschluss fuer Teilnehmende, nicht eine Standanmeldung fuer Ausstellende - fuer Verlage nennt die Seite keinen eigenen Termin
2027-02_sbvv-moderieren-von-lesungen;Moderieren von Lesungen, Veranstaltungen und Podiumsgespraechen (SBVV);Kurs;Schweizer Buchhandels- und Verlags-Verband SBVV;Zuerich;ZH;DCH;2027-02-05;2027-02-05;bestaetigt;jaehrlich;Branche+Fachpublikum;https://www.sbvv.ch/weiterbildung;2026-09-08;5. Februar 2027 Moderieren von Lesungen, Veranstaltungen und Podiumsgespraechen;OFFEN;Einreichfrist;OFFEN;;;;"Termin aus dem SBVV-Weiterbildungskalender 2027 (Kurs-Nr. 1004); Kosten und Anmeldeschluss am 08.09.2026 noch nicht publiziert. Vergleichbare Eintageskurse kosten CHF 270-380 fuer Mitglieder. Datum steht im SBVV-Weiterbildungskalender"
2027-02_bieler-gespraeche;20. Bieler Gespraeche / Rencontres de Bienne;Tagung;Schweizerisches Literaturinstitut Institut litteraire suisse;Biel;BE;DCH;2027-02-06;2027-02-07;bestaetigt;jaehrlich;Schreibende+Fachpublikum;https://www.bielergespraeche.ch/de/aufruf-2027/;2026-09-08;Die 20. Bieler Gespraeche finden am 6. und 7. Februar 2027 am Schweizerischen Literaturinstitut in Biel statt;2026-09-01;Einreichfrist;0 Teilnahme kostenlos Reisekosten teilweise erstattet;;;;Einsendeschluss 01.09.2026 war eine Woche vor diesem Abrufdatum - fuer 2027 verpasst. Dreisprachig deutsch franzoesisch italienisch. Genau das Format fuer Schreibjahr-Teilnehmende mit unveroeffentlichten Texten - Aufruf 2028 im Sommer 2027 beobachten
2027-02_ag-ateliers-literatur;Ateliers Kanton Aargau Sparte Literatur;Ausschreibung;Aargauer Kuratorium;Aarau;AG;DCH;2027-02-10;2027-02-10;erwartet;jaehrlich;Schreibende;https://www.aargauerkuratorium.ch/termine/literatur;2026-09-08;10. Februar 2026 Ateliers Entscheid ab 21. April 2026;;;0;publikation;;Kanton AG 2 Jahre oder 15 Jahre frueher;"für Teilnehmende — Atelieraufenthalte Paris London Nairs/Scuol für Aargauer Kunstschaffende aller Fachbereiche. Termin 2027 aus dem Vorjahresmuster. Beleg nennt den Termin 2026 (10.2.2026). Vorjahresmuster: 10. Februar. Vorjahresmuster 10. Februar auf 2027 gerechnet; nicht publiziert. [Zugang: Gefoerdert werden professionell taetige Aargauer Kuenstlerinnen und Kuenstler. Zivilrechtl]"
2027-02_sg-werkbeitrag;Kantonaler Werkbeitrag St. Gallen Sparte Literatur;Ausschreibung;Kulturförderung Kanton St. Gallen;St. Gallen;SG;DCH;2027-02-20;2027-02-20;bestaetigt;jaehrlich;Schreibende;https://www.sg.ch/kultur/kulturfoerderung/foerderung-beantragen/werkbeitraege.html;2026-09-08;Die nächste Ausschreibung läuft vom 1. Januar bis 20. Februar 2027;2027-02-20;Einreichfrist;0;wohnsitz;;Kanton SG 12 Monate oder 12 Jahre frueher;für Teilnehmende — 18 Werkbeiträge zu je CHF 20000 spartenübergreifend, Literatur ist eine wählbare Sparte. Bedingung ist nur zwölf Monate Wohnsitz im Kanton, keine Vorpublikation und keine Altersgrenze [Zugang: Sie koennen sich um einen Werkbeitrag bewerben, wenn Sie seit mindestens zwoelf Monaten im]
2027-02_modul-s3;Schreibjahr Modul S3;Einzelveranstaltung;Salon der Kuenste;OFFEN;CH;DCH;2027-02-20;2027-02-20;bestaetigt;einmalig;Schreibende;../00_Basis/ECKDATEN.md;2026-09-08;S3, 20.02., Gast offen - anfragen;KEINE;KEINE;;;;;Verlagsgast noch offen
2027-02_prix-ahmadou-kourouma;Prix Ahmadou Kourouma;Preis;Salon du livre de Genève;Le Grand-Saconnex (Genève);GE;FCH;2027-02-24;2027-02-28;angekuendigt;jaehrlich;Fachpublikum+Branche;https://salondulivre.ch/espace-pro/prix-kourouma/;2026-09-08;"12 novembre 2026 - Cloture des inscriptions; Fevrier 2027 - Ceremonie de remise du prix";2026-11-12;Einreichfrist;0, Preisgeld CHF 5000;verlag;;;Nur fuer frankophone Fiktion von Autorinnen und Autoren aus Subsahara-Afrika, Eingabe durch Verlage. Fuer die deutschsprachige Zielgruppe nicht relevant, gehoert aber zum Salon-Programm. [Zugang: Le formulaire est a remplir par les maisons d edition. Auteurs d expression francaise de l]
2027-02_salon-du-livre-geneve;Salon du livre de Genève;Messe;Salon du livre de Genève / Palexpo SA;Le Grand-Saconnex (Genève);GE;FCH;2027-02-24;2027-02-28;bestaetigt;jaehrlich;Breitenpublikum+Branche;https://www.palexpo.ch/evenement/salon-du-livre-2027/;2026-09-08;24.02.27 - 28.02.27, Palexpo, Route Francois-Peyrot 30, 1218 Le Grand-Saconnex;OFFEN;OFFEN;"CHF 220/m2 Rohflaeche, Vorzugstarif CHF 195/m2; Tisch Espace Decouverte CHF 800";;;;"Groesste Buchmesse der Romandie. Standtarife und Vorzugsfrist 23.10. auf salondulivre.ch/espace-pro/devenir-exposants/; Publikum frankophon. Messedatum 24.-28.2.2027 auf palexpo.ch bestaetigt; eine Standanmeldefrist steht dort nicht"
2027-02_textures-fribourg;Textures – Rencontres littéraires;Festival;Association Textures;Fribourg;FR;FCH;2027-02-24;2027-02-28;bestaetigt;zweijaehrlich;Breitenpublikum+Fachpublikum;https://www.unifr.ch/llf/fr/news-et-events/evenements/?eventid=19244;2026-09-08;24.02.2027 16:00 - 28.02.2027 20:00, BCU, Rue Saint-Michel 6, Fribourg;OFFEN;Programmeingabe;OFFEN;;;;Mehrsprachiges Literaturfestival (f/d/i), 3. Ausgabe 2025 mit ueber 5000 Besuchenden. textures.ch zeigt die Daten nur als Bild, Beleg deshalb ueber die Uni Freiburg
2027-02_kinder-lesen-zuerich;KINDER LESEN 2027 - Kinder- und Jugendbuchfestival Zuerich;Messe;Verein KINDER LESEN;Zuerich;ZH;DCH;2027-02-27;2027-02-27;bestaetigt;jaehrlich;Branche+Breitenpublikum+Jugend;https://www.kinderlesen.ch/anmelden;2026-09-08;Samstag, 27. Februar 2027, 9:30 - 16 Uhr, Volkshaus Zuerich;2027-01-10;Standanmeldung;CHF 450 Stand Verlage/Buchhandlungen, CHF 300 Kleinverlage, CHF 160 Autor:innen;;;;Anmeldestart 1.9.2026, Anmeldeschluss 10.1.2027. Lesungen zusaetzlich CHF 80 (25 Min.) bzw. CHF 120 (55 Min.). Zugelassen nur Werke ohne KI-Einsatz
2027-03_antiquariatsmesse-zuerich;Antiquariats-Messe Zuerich 2027;Messe;VEBUKU/SLACES - Vereinigung der Buchantiquare und Kupferstichhaendler in der Schweiz;Zuerich;ZH;DCH;2027-03-00;2027-03-00;angekuendigt;jaehrlich;Branche+Fachpublikum;http://www.vebuku.ch/144.html;2026-09-08;Anfang Maerz 2027 und wie gewohnt im Vortragssaal des Kunsthauses Zuerich;OFFEN;Standanmeldung;OFFEN;;;;"Exaktes Datum noch nicht publiziert; 2025 fand die Messe am 9. Maerz mit 18 Ausstellern statt. Antiquariat, fuer Neuerscheinungen nur bedingt relevant"
2026-12_das-narr-open-call-50;Das Narr - Doppelter Open Call Ausgabe 50;Ausschreibung;Verein Das Narr;Zürich;CH;national;2027-03-00;2027-03-00;angekuendigt;laufend;Schreibende;https://dasnarr.ch/opencall/;2026-09-08;Einsendeschluss 15. Dezember 2026 - Thema 50/50 - Erscheinungstermin Frühling 2027;2026-12-15;Einreichfrist;0 Einsendung gratis - Jahres-Abo CHF 29;offen;;;Zwei getrennte Calls: einer für noch nicht veröffentlichte einer für bereits veröffentlichte Autorinnen. Max 12000 Zeichen anonymisiert. Die Zeitschrift erscheint dreimal jährlich. Kanal für Teilnehmende des Schreibjahrs - und für Sichtbarkeit im Umfeld. [Zugang: Dieser Open Call richtet sich ausschliesslich an Autor:innen, die noch nie im Narr veroeff]
2027-03_schreibwerk-ost-diplomlehrgang-2027;Diplomlehrgang Literarisch Schreiben 2027;Kurs;Schreibwerk Ost in Kooperation mit sbvv;Zürich;ZH;DCH;2027-03-00;2028-12-00;angekuendigt;zweijaehrlich;Schreibende;https://www.schreibwerk-ost.ch/naechste-schreibseminare;2026-09-08;Diplomlehrgang Literarisch Schreiben 2027 März-Dezember 2028 Zürich CHF 7990.00;OFFEN;OFFEN;CHF 7990;;;;NEU seit der SWOT vom 04.09.2026 - dort war nur der Lehrgang 2026-27 zu CHF 7390 erfasst. Der Nachfolgejahrgang startet im März 2027 mitten im Schreibjahr und kostet 600 Franken mehr
2027-03_erzaehlzeit-ohne-grenzen;Erzaehlzeit ohne Grenzen Singen-Schaffhausen;Festival;Stadt Singen Stadt Schaffhausen Kanton Schaffhausen und Verein Agglomeration Schaffhausen;Schaffhausen;SH;DCH;2027-03-00;2027-03-00;erwartet;jaehrlich;Breitenpublikum;https://erzaehlzeit.com/;2026-09-08;21. Maerz bis 29. Maerz 2026 Singen - Schaffhausen;OFFEN;Programmeingabe;OFFEN;;;;Grenzueberschreitend mit Singen (D) - 44 beteiligte Gemeinden 2026. Findet jeweils im Fruehjahr statt. 2027 noch nicht publiziert
2027-03_festival-aller-retour;Festival aller↔retour;Festival;Fondation ch, Centre de traduction littéraire UNIL, Übersetzerhaus Looren;Fribourg;FR;FCH;2027-03-00;2027-03-00;erwartet;jaehrlich;Fachpublikum+Schreibende;https://chstiftung.ch/fr/aller-retour/le-festival;2026-09-08;Le Festival aller-retour vous donne rendez-vous le 7 mars (Ausgabe 2026);OFFEN;Programmeingabe;OFFEN;;;;Einziger oeffentlicher Literaturanlass der Schweiz ganz zum Uebersetzen, viersprachig - echte Klammer zwischen den Landesteilen. Datum 2027 am 08.09.2026 nicht publiziert
2027-03_lesefestival-kreuzlingen;Lesefestival Kreuzlingen 2027;Reihe;Paedagogische Hochschule Thurgau PHTG;Kreuzlingen;TG;DCH;2027-03-00;2027-03-00;erwartet;jaehrlich;Fachpublikum+Breitenpublikum;https://phtg.ch/veranstaltungen/lesefestival;2026-09-08;15.03.2026 - 29.03.2026 mit Startveranstaltung am 17.03.2026;OFFEN;Programmeingabe;OFFEN;;;;Datum aus Muster 2026 abgeleitet zweite Maerzhaelfte. Turnus auf der Seite nicht ausdruecklich genannt - Annahme jaehrlich
2027-03_gr-wettbewerb-gross;Wettbewerb für professionelles Kulturschaffen grosse Projekte Graubünden;Ausschreibung;Amt für Kultur Kanton Graubünden;Chur;GR;DCH;2027-03-00;2027-03-00;erwartet;jaehrlich;Schreibende;https://www.gr.ch/DE/institutionen/verwaltung/ekud/afk/kfg/kulturfoerderung/wpk/Seiten/default.aspx;2026-09-08;wird jeweils im Januar ausgeschrieben. Einsendeschluss ist jeweils Anfang März;OFFEN;Einreichfrist;0;publikation;;Kanton GR 2 Jahre;für Teilnehmende — Werkbeiträge oder freie Stipendien bis CHF 20000, Literatur ist eine der Sparten, Bündner Bezug nötig. Der genaue Tag der Frist ist nicht publiziert, nur Anfang März [Zugang: Professionelles Kulturschaffen. Seit mindestens zwei Jahren Wohnsitz im Kanton Graubuenden]
2027-03_ph-kreationsbeitrag-literatur;Kreationsbeitrag Literatur;Ausschreibung;Schweizer Kulturstiftung Pro Helvetia;Zürich;CH;national;2027-03-01;2027-03-01;bestaetigt;jaehrlich;Schreibende;https://prohelvetia.ch/de/foerderung-finden/kreationsbeitrag-literatur/;2026-09-08;Eingabedatum 1. März, 23:59 (MEZ) und 1. September, 23:59 (MESZ);2027-03-01;Einreichfrist;0;publikation;;CH (Buergerrecht oder staendiger Wohnsitz);für Teilnehmende — aber Zugang nur mit mindestens einer eigenständigen literarischen Publikation bei einem Verlag mit professionellen Strukturen, keine Altersgrenze, max. CHF 25000, zweite Frist 2027-09-01 [Zugang: mindestens einer eigenstaendigen literarischen Publikation bei einem Verlag mit profession]
2027-03_literaare-thun;22. Thuner Literaturfestival Literaare;Festival;Literaare Thuner Literaturfestival;Thun;BE;DCH;2027-03-05;2027-03-07;bestaetigt;jaehrlich;Breitenpublikum+Schreibende;https://www.literaare.ch/;2026-09-08;22. Thuner Literaturfestival 5. bis 7. Maerz 2027;;;OFFEN;;;;Terminkollision mit Wortlaut St. Gallen am selben Wochenende. Festival traegt das Label Kultur inklusiv. Angeschlossener Schreibwettbewerb textstreich.ch. Postkarte muss rund vier Wochen vor dem Termin vor Ort liegen, der Druck davor - Frist aus dem Veranstaltungsdatum gerechnet, nicht publiziert
2027-03_wortlaut-st-gallen;Wortlaut - St.Galler Literaturfestival;Festival;Gesellschaft fuer deutsche Sprache und Literatur (GdSL);St. Gallen;SG;DCH;2027-03-05;2027-03-07;bestaetigt;jaehrlich;Breitenpublikum+Schreibende;https://www.wortlaut.ch/;2026-09-08;vom 5. bis 7. Maerz 2027;OFFEN;Programmeingabe;OFFEN;;;;Fruehes Datum weil Ostern 2027 aufs letzte Maerzwochenende faellt. Neue Co-Leitung Ariane Novel und Karsten Redmann - guter Zeitpunkt fuer eine Kontaktaufnahme
2027-03_fsb-biografie-schreibpaedagogin;Dipl. Biografie-Schreibpädagogin FSB;Kurs;Frauenseminar Bodensee;Romanshorn;TG;DCH;2027-03-10;2027-12-01;bestaetigt;jaehrlich;Schreibende+Fachpublikum;https://www.frauenseminar-bodensee.ch/angebot/kurse/daten/Dipl-Biografie-Schreibpaedagogin-FSB.php;2026-09-08;Start 10.03.2027 - Kurstage bis MI 01. Dez. 27 - 10 x CHF 380.- oder 1 x CHF 3700.-;OFFEN;OFFEN;CHF 3700 oder 10 x CHF 380;;;;In der SWOT enthalten (Nr. 10). Der Jahrgang 2027 läuft praktisch deckungsgleich mit dem Schreibjahr 2027 und ist mit CHF 185 pro Präsenztag das günstigste Jahresformat im Vergleichsraum. Kein Anmeldeschluss publiziert
2027-03_biblioweekend;BiblioWeekend 2027;Reihe;Bibliosuisse;Aarau;CH;national;2027-03-12;2027-03-14;bestaetigt;jaehrlich;Fachpublikum+Breitenpublikum;https://www.bibliosuisse.ch/aktivitaten/biblioweekend;2026-09-08;vom 12. bis 14. Maerz 2027;OFFEN;Programmeingabe;OFFEN;;;;Landesweite Aktionstage der Bibliotheken, Kick-off am 8.9.2026. Anmeldefrist fuer teilnehmende Bibliotheken auf biblioweekend.ch noch nicht publiziert - dort ist erst das Archiv bis 2026 online
2027-03_eventi-letterari-monte-verita;Eventi letterari Monte Verità;Festival;Associazione Eventi letterari al Monte Verità;Ascona;TI;ICH;2027-03-18;2027-03-21;bestaetigt;jaehrlich;Breitenpublikum+Fachpublikum;https://www.eventiletterari.ch/;2026-09-08;18-21 marzo 2027;OFFEN;Programmeingabe;OFFEN;;;;"Findet auf dem Monte Verita und in Locarno statt, mehrsprachiges Programm mit regelmaessig deutschsprachigen Gaesten; vergibt den Premio Enrico Filippini"
2027-03_leipziger-buchmesse;Leipziger Buchmesse 2027;Messe;Leipziger Messe GmbH;Leipzig;DE;national;2027-03-18;2027-03-21;bestaetigt;jaehrlich;Branche+Breitenpublikum;https://www.leipziger-buchmesse.de/en/visit/information-for-visitors/;2026-09-08;18 - 21 March 2027, Leipziger Messe, Messe-Allee 1, 04356 Leipzig;OFFEN;Standanmeldung;OFFEN;;;;Kein Schweizer Gemeinschaftsstand des SBVV in der Agenda 2026/27 aufgefuehrt - Einzelanmeldung ueber Leipziger Messe. Vorzugspreis-Frist lag 2026 im August des Vorjahres
2027-03_premio-enrico-filippini;Premio Enrico Filippini;Preis;Associazione Eventi letterari al Monte Verità;Ascona;TI;ICH;2027-03-18;2027-03-21;erwartet;jaehrlich;Fachpublikum+Branche;https://eventiletterari.ch/premioef-25-it/;2026-09-08;Il prestigioso riconoscimento, istituito in memoria di Enrico Filippini e assegnato in occasione degli Eventi letterari Monte Verita;KEINE;KEINE;OFFEN;unklar;;;"Preis fuer Vermittlung und Verlagsarbeit (2025 an Adelphi), verliehen waehrend des Festivals; keine offene Einreichung, Jury waehlt aus. Verleihung 2025 am 12. April. [Zugang: Seite nennt nur die Preistraeger. Keine Einreichbedingungen und kein Bewerbungsverfahren p]"
2027-03_leipzig-sbvv-gemeinschaftsstand;Schweizer Gemeinschaftsstand SBVV/SWIPS an der Leipziger Buchmesse 2027;Messe;Schweizer Buchhandels- und Verlags-Verband SBVV / SWIPS;Leipzig;DE;national;2027-03-18;2027-03-21;erwartet;jaehrlich;Branche+Fachpublikum;https://www.sbvv.ch/omsStart/199/8/Leipziger%20Buchmesse;2026-09-08;"Anmeldeschluss: 3. Oktober 2025; Halle 5; Einzeltitel 130 CHF Mitglieder / 175 CHF Nichtmitglieder";OFFEN;OFFEN;CHF 130 Einzeltitel, CHF 420 Regalbrett, CHF 1700 Verlagsregal, CHF 55 Arbeitsplatz pro Halbtag (Mitgliederpreise);;;;"Guenstigster Weg auf eine deutsche Grossmesse: Einzeltitel ab CHF 130. Die SBVV-Seite zeigte am 08.09.2026 noch die Ausschreibung 2026 (Frist 3.10.2025); Frist fuer 2027 daher auf Anfang Oktober 2026 geschaetzt - beim SBVV nachfragen. SBVV-Seite traegt am 8.9.2026 noch die Ausschreibung 2026 (Messe 19.-22.3.2026, Anmeldeschluss 3.10.2025). Fuer 2027 ist nichts publiziert; Vorjahresmuster: Anmeldeschluss Anfang Oktober des Vorjahres"
2027-03_modul-s4-gierl;Schreibjahr Modul S4, Gast Thomas Gierl (Zytglogge);Einzelveranstaltung;Salon der Kuenste;Basel;BS;DCH;2027-03-20;2027-03-20;bestaetigt;einmalig;Schreibende;../00_Basis/ECKDATEN.md;2026-09-08;S4, 20.03.2027, Basel, Thomas Gierl, Zytglogge;KEINE;KEINE;;;;;Status laut Einsatzplan noch zu bestaetigen
2027-03_sbvv-diplomlehrgang-literarisches-schreiben;Diplomlehrgang Literarisches Schreiben 2027/2028 (SBVV);Kurs;Schweizer Buchhandels- und Verlags-Verband SBVV;Fischingen;TG;DCH;2027-03-25;2028-12-00;bestaetigt;zweijaehrlich;Schreibende;https://www.sbvv.ch/kurs/969/9/;2026-09-08;"28 Seminartage (09:00 bis 12:00 Uhr und 13:00 bis 17:00 Uhr); Anmeldeschluss: 20.11.2026";2026-11-20;Einreichfrist;CHF 7'990 inkl. MwSt., zusaetzlich ca. CHF 710 Unterkunft Starttage und CHF 420 Abschlusstage;;;;Direktes Konkurrenzangebot zum Schreibjahr: 1,5 Jahre, 28 Kurstage, Einzelcoaching, Leitung Michele Minelli und Peter Hoener, Orte Fischingen, Zuerich, Iselisberg TG. Anmeldeschluss 20.11.2026 liegt zwei Monate vor Patricks Einsendeschluss 21.01.2027. Grenzfall zu A6
2027-04_aprillen-bern;Aprillen - Das Berner Lesefest;Festival;Aprillen in Koproduktion mit dem Schlachthaus Theater Bern;Bern;BE;DCH;2027-04-00;2027-04-00;erwartet;jaehrlich;Breitenpublikum+Schreibende;https://www.aprillen.ch/;2026-09-08;22.-25. April 2026 Aprillen26;OFFEN;Programmeingabe;OFFEN;;;;2026 war 22.-25. April mit ueber 20 Autor:innen im Schlachthaus Theater - 2027 noch nicht publiziert. Terminlage kollidiert moeglicherweise mit Bern liest ein Buch
2027-04_foire-du-livre-peseux;Foire du Livre;Messe;Comité Foire du Livre;Peseux (Neuchâtel);NE;FCH;2027-04-00;2027-04-00;angekuendigt;jaehrlich;Breitenpublikum+Branche;https://www.foiredulivre.ch/;2026-09-08;"Avril 2027; nous marquons une pause en 2026";OFFEN;Standanmeldung;OFFEN;;;;"25. Ausgabe. Nach 24 Ausgaben in Le Locle Umzug ins Neuenburger Westufer (Peseux); genaues Datum und Ausstelleranmeldung am 08.09.2026 noch nicht aufgeschaltet"
2027-04_so-foerderpreise;Förderpreise des Kantons Solothurn;Preis;Kantonales Kuratorium für Kulturförderung Solothurn;Solothurn;SO;DCH;2027-04-00;2027-04-00;erwartet;jaehrlich;Schreibende;https://so.ch/verwaltung/departement-fuer-bildung-kultur-und-sport/amt-fuer-kultur-und-sport/aktuell/aktuell/news/foerderpreise-2026-und-atelierstipendien-paris-2027-ausgeschrieben/;2026-09-08;Bewerbungen können bis zum 12. Januar 2026 eingereicht werden;OFFEN;Einreichfrist;0;alter;;Kanton SO (Wohnsitz oder enger Bezug);"für Teilnehmende nur bedingt — hier greift die Förderlücke: bis zu zwölf Preise zu je CHF 15000, aber ausdrücklich für junge Kulturschaffende im Sinne der Nachwuchsförderung. Ausschreibung jeweils Ende November, Eingabetermin im Januar. Frist 2027 aus dem Muster 2026 abgeleitet. Quelle ist die Ausschreibung 2026 (Frist 12.1.2026). Fuer 2027 nichts publiziert; Vorjahresmuster: Mitte Januar. [Zugang: Die Zusprechung erfolgt im Sinne der Nachwuchsfoerderung an junge Kulturschaffende. Keine ]"
2027-04_global-book-crawl-switzerland;Global Book Crawl Switzerland 2027;Reihe;Schweizer Buchhandels- und Verlags-Verband SBVV;Zuerich;CH;national;2027-04-00;2027-04-00;erwartet;jaehrlich;Branche+Breitenpublikum;https://bookcrawl.ch/;2026-09-08;"20. - 26. April 2026; ueber 80 unabhaengige Buchhandlungen von Genf bis Liechtenstein";OFFEN;Programmeingabe;OFFEN;;;;Aktionswoche der unabhaengigen Buchhandlungen mit Buchhandlungs-Reisepass und Stempeln - der naechstliegende bestehende Kanal fuer die Postkarten-Aktion. Datum 2027 aus dem Vorjahresmuster abgeleitet
2027-04_phantastik-tage-lenzburg;Phantastik-Tage 2027;Festival;Aargauer Literaturhaus Lenzburg;Lenzburg;AG;DCH;2027-04-03;2027-04-03;bestaetigt;jaehrlich;Breitenpublikum+Schreibende;https://www.aargauer-literaturhaus.ch/veranstaltungen;2026-09-08;Phantastik-Tage 2027 3. April 2027;;;OFFEN;;;;Genrefestival fuer Fantasy Science-Fiction und Horror im Muellerhaus. Das Haus selbst gehoert zu A2 - dieses Festivalformat zu A1. Postkarte muss rund vier Wochen vor dem Termin vor Ort liegen, der Druck davor - Frist aus dem Veranstaltungsdatum gerechnet, nicht publiziert
2027-04_aargauer-lh-phantastik-tage;Phantastik-Tage 2027 (Aargauer Literaturhaus);Einzelveranstaltung;Aargauer Literaturhaus Lenzburg;Lenzburg;AG;DCH;2027-04-03;2027-04-04;angekuendigt;jaehrlich;Breitenpublikum+Jugend;https://www.aargauer-literaturhaus.ch/veranstaltungen-datenbank;2026-09-08;Phantastik-Tage 2027 (April 3-4);OFFEN;Programmeingabe;OFFEN;;;;"Grenzfall zu A1 (festivalartig), hier eingetragen weil Träger das Haus ist; Zielgruppe Genre-Leserschaft, nicht die Schreibjahr-Kohorte"
2027-04_bologna-childrens-book-fair;Bologna Children's Book Fair 2027;Messe;BolognaFiere S.p.A.;Bologna;IT;national;2027-04-05;2027-04-08;bestaetigt;jaehrlich;Branche+Fachpublikum;https://www.bolognachildrensbookfair.com/en/home/878.html;2026-09-08;5 - 8 April 2027, 64th edition, Guest of Honour Poland;2027-01-20;Einreichfrist;OFFEN;;;;Rechte- und Lizenzmesse fuer Kinder- und Jugendbuch. Fristen: Illustrators Exhibition 26.10.2026, BolognaRagazzi Awards 20.01.2027. Standkosten nicht publiziert. Der 20.1.2027 ist die Einreichfrist der BolognaRagazzi Awards, nicht eine Anmeldefrist fuer Ausstellende - eine solche nennt die Seite nicht
2027-04_literaturblatt-lesekreis-gdsl;Lesekreis GdSL 2027 - Lorenz Langenegger & Micha Friemel;Reihe;Gesellschaft der Schweizer Literaturfreunde (GdSL);Amriswil;TG;DCH;2027-04-13;2027-10-26;bestaetigt;jaehrlich;Breitenpublikum;https://literaturblatt.ch/veranstaltungen/;2026-09-08;Lesekreis GdSL 2027 Zwei Autor*innen - ganz nah: Lorenz Langenegger & Micha Friemel;OFFEN;OFFEN;OFFEN;;;;Über literaturblatt.ch gefunden. ANNAHME: Ort Amriswil aus dem Umfeld von Gallus Frei-Tomic abgeleitet und nicht auf der Seite belegt - der Ort ist vor einer Kontaktaufnahme zu prüfen. Format Lesekreis über ein halbes Jahr - Nachbarformat zum Peer-Zirkel des Schreibjahrs
2027-04_printemps-de-la-poesie;Printemps de la poésie;Festival;Association Printemps de la poésie / UNIL;Lausanne;VD;FCH;2027-04-17;2027-05-01;bestaetigt;zweijaehrlich;Breitenpublikum+Schreibende;https://printempspoesie.ch/;2026-09-08;"Du 17 avril au 1er mai 2027; Pentathlon de la poesie a Lausanne du 22 au 25 avril";OFFEN;Programmeingabe;OFFEN;;;;Biennale, 11. Ausgabe, 2027 mit internationalem Pentathlon de la poesie in Zusammenarbeit u.a. mit Musee Olympique und Cinematheque suisse. Frankophon
2027-04_festival-histoire-et-cite;Festival Histoire et Cité;Festival;Laboratoire Histoire et Cité (UNIGE, UNIL, UniNE, UniFR);Genève;GE;FCH;2027-04-20;2027-04-25;bestaetigt;jaehrlich;Breitenpublikum+Fachpublikum;https://www.unil.ch/news/fr/1787645068977;2026-09-08;"Delai pour le rendu des propositions: 15 septembre 2026; edition du 22 au 25 avril 2027";2026-09-15;Programmeingabe;0;;;;Thema 2027 (Des)informer, ueber 150 Gratisanlaesse in Genf, Lausanne, Neuenburg und Freiburg, darunter Buchvorstellungen. Frist fuer Programmvorschlaege in einer Woche - der dringlichste Termin dieser Liste
2027-04_sbvv-von-der-idee-zum-manuskript;Von der Idee zum Manuskript (SBVV-Weiterbildung);Kurs;Schweizer Buchhandels- und Verlags-Verband SBVV;Zuerich;ZH;DCH;2027-04-21;2027-04-21;bestaetigt;jaehrlich;Schreibende;https://www.sbvv.ch/kurs/998/9/;2026-09-08;"Mittwoch, 21. April 2027 von 9:15 - 17:00 Uhr; Anmeldeschluss: 14.04.2027";2027-04-14;Einreichfrist;CHF 340 Mitglieder / CHF 390 Nichtmitglieder;;;;Leitung Michele Minelli. Richtet sich an Schreibinteressierte mit einer Idee oder einem begonnenen Text - also exakt an Patricks Zielgruppe, als Eintagesformat. Grenzfall zu A6
2027-04_bern-liest-ein-buch;Bern liest ein Buch 2027;Festival;Verein Bern liest ein Buch c/o Kornhausbibliotheken;Bern;BE;DCH;2027-04-24;2027-05-01;bestaetigt;jaehrlich;Breitenpublikum;https://bernliesteinbuch.ch/;2026-09-08;24.4.-1.5.2027;;;OFFEN;;;;"Auch in Thun - im Fruehling 2027 laden Bern und Thun erneut zum grossen Lesefestival ein. Ein Buch fuer eine ganze Stadt mit vielen dezentralen Anlaessen - viele Veranstalter also viele Andockstellen. Fuer einen eigenen Programmpunkt rechnen Haeuser sechs bis acht Monate Vorlauf; Frist aus dem Veranstaltungsdatum minus sieben Monate, nicht publiziert"
2027-04_sbvv-das-lektorat;Das Lektorat (SBVV-Weiterbildung, April 2027);Kurs;Schweizer Buchhandels- und Verlags-Verband SBVV;Zuerich;ZH;DCH;2027-04-28;2027-04-28;bestaetigt;jaehrlich;Branche+Fachpublikum;https://www.sbvv.ch/kurs/1005/9/;2026-09-08;Mittwoch, 28. April 2027 von 9:15 - 17:00 Uhr;2027-04-21;Einreichfrist;CHF 380 Mitglieder / CHF 430 Nichtmitglieder;;;;Leitung Regula Walser, freischaffende Lektorin. Zweiter identischer Durchgang am 8. September 2027 (Kurs-Nr. 1006). Treffpunkt der Lektoratsszene, in der Karin Reber arbeitet
2027-04_zh-werkbeitrag-literatur;Werkbeitrag Literatur Kanton Zürich;Ausschreibung;Fachstelle Kultur Kanton Zürich;Zürich;ZH;DCH;2027-04-30;2027-04-30;bestaetigt;jaehrlich;Schreibende;https://www.zh.ch/de/sport-kultur/kultur/kulturfoerderung/kulturschaffende-projekte/literatur.html;2026-09-08;Gesuche können jeweils bis zum 30. April eingereicht werden;2027-04-30;Einreichfrist;0;wohnsitz;;Kanton ZH;für Teilnehmende — sehr gute Passung: Werkbeitrag für Literaturprojekte im Entstehen, Beurteilung anonym anhand von 30 Seiten Textprobe, verlangt nur Wohnsitz im Kanton Zürich, keine Vorpublikation und keine Altersgrenze [Zugang: an Autor:innen mit Wohnsitz im Kanton Zuerich. Die Beurteilung der eingereichten Manuskrip]
2027-05_chiassoletteraria;ChiassoLetteraria;Festival;Associazione ChiassoLetteraria;Chiasso;TI;ICH;2027-05-00;2027-05-00;erwartet;jaehrlich;Breitenpublikum+Fachpublikum;https://chiassoletteraria.ch/;2026-09-08;"dall 8 al 10 maggio 2026, con anteprime il 6 e 7 maggio; Arrivederci al 2027";OFFEN;Programmeingabe;OFFEN;;;;"Internationales Literaturfestival, 2026 20. Ausgabe. Programm italienischsprachig; fuer die deutschsprachige Zielgruppe nicht direkt relevant, aber der Leitanlass des Tessins"
2027-05_opennet-solothurner-literaturtage;OpenNet — Schreibwettbewerb der Solothurner Literaturtage;Ausschreibung;Verein Solothurner Literaturtage;Solothurn;SO;DCH;2027-05-00;2027-05-00;erwartet;jaehrlich;Schreibende;https://www.literatur.ch/de/opennet/ausschreibung/;2026-09-08;Einsendefenster für die Texte: 1. Dezember 2025 bis 15. Januar 2026 via Formular;;;0;offen;;CH;"für Teilnehmende — die stärkste Tür im Jahrgang: Wohnsitz Schweiz genügt, keine Altersgrenze, ausdrücklich für Menschen ohne eigenständige Buchpublikation. Prosatext 2500 bis 10000 Zeichen. Frist 2027 aus dem Muster 2026 abgeleitet. Seite traegt nur das geschlossene Fenster 1.12.2025-15.1.2026 ('Die Anmeldefrist ist abgelaufen'). Vorjahresmuster: Eingabe Dezember bis Mitte Januar. Vorjahresmuster Eingabefenster Dezember bis Mitte Januar auf die Ausgabe 2027 gerechnet; nicht publiziert. [Zugang: Jede Person mit Wohnsitz in der Schweiz. Noch keine eigenstaendige literarische Buchpublik]"
2027-05_solothurner-literaturtage;Solothurner Literaturtage / Journées Littéraires de Soleure;Festival;Solothurner Literaturtage (Verein);Solothurn;SO;DCH;2027-05-07;2027-05-09;bestaetigt;jaehrlich;Breitenpublikum+Fachpublikum+Branche+Schreibende;https://www.literatur.ch/de/;2026-09-08;Wir freuen uns auf die naechste Ausgabe der Solothurner Literaturtage: 7. - 9. Mai 2027;;;OFFEN;;;;"Datum 7.-9. Mai 2027 steht auf literatur.ch/de. Titelmeldung: Schweizer oder in der Schweiz lebende Autor:innen reichen Neuerscheinungen bei der Programmkommission ein - Frist fuer die Ausgabe 2027 aus dem Vorjahresmuster Anfang Dezember abgeleitet. Krimis Thriller historische Romane Fantasy und Autobiografien werden in der Regel nicht beruecksichtigt. Datum 7.-9.5.2027 auf literatur.ch bestaetigt; Programm und Tickets ab 9. April. Titelmeldefrist fuer 2027 nicht publiziert, Vorjahresmuster: Buecher bis Anfang Dezember des Vorjahres. Postkarte muss rund vier Wochen vor dem Termin vor Ort liegen, der Druck davor - Frist aus dem Veranstaltungsdatum gerechnet, nicht publiziert"
2027-05_modul-s5-beger;Schreibjahr Modul S5, Gast Annette Beger (Kommode);Einzelveranstaltung;Salon der Kuenste;Zuerich;ZH;DCH;2027-05-15;2027-05-15;bestaetigt;einmalig;Schreibende;../00_Basis/ECKDATEN.md;2026-09-08;S5, 15.05.2027, Zuerich, Annette Beger, Kommode;KEINE;KEINE;;;;;Status laut Einsatzplan noch zu bestaetigen
2027-05_schweizer-vorlesetag;Schweizer Vorlesetag 2027;Einzelveranstaltung;Schweizerisches Institut fuer Kinder- und Jugendmedien SIKJM in Kooperation mit 20 Minuten;landesweit;CH;national;2027-05-19;2027-05-19;bestaetigt;jaehrlich;Breitenpublikum+Jugend;https://www.schweizervorlesetag.ch/de/;2026-09-08;Mittwoch 19. Mai 2027;OFFEN;OFFEN;0;;;;"Zehnte Ausgabe - Jubilaeum. Ab Ende Januar 2027 kann man eine eigene Vorleseaktion anmelden und wird gelistet. Frist als Anmeldebeginn Ende Januar zu lesen. Anmeldung fuer Vorleseaktionen OEFFNET Ende Januar 2027; ein Schlusstermin ist nicht publiziert"
2027-05_lh-zuerich-literatur-und-musik;Literatur und Musik mit Zora del Buono (Literaturhaus Zürich);Reihe;Literaturhaus Zürich;Zürich;ZH;DCH;2027-05-23;2027-05-23;bestaetigt;laufend;Breitenpublikum;https://literaturhaus.ch/programm/;2026-09-08;So 23.5., 11:15 Uhr: Literatur und Musik mit Zora del Buono;;;OFFEN;;;;Einer der wenigen bereits publizierten 2027-Termine der Deutschschweiz, zeigt Vorlaufzeit des Hauses von über acht Monaten Postkarte muss rund vier Wochen vor dem Termin vor Ort liegen, der Druck davor - Frist aus dem Veranstaltungsdatum gerechnet, nicht publiziert
2027-06_chilometro-zero;Chilometro zero;Reihe;Sistema bibliotecario ticinese (Sbt) mit Lugano, Bellinzona, Locarno, Mendrisio;Bellinzona;TI;ICH;2027-06-00;2027-08-00;erwartet;jaehrlich;Breitenpublikum+Schreibende;https://www4.ti.ch/decs/dcsu/osservatorio/agenda-culturale/cerca-evento/dettaglio/108397/chilometro_zero_scritture_a_confronto;2026-09-08;Mercoledi 26 agosto 2026, 18:30, Biblioteca cantonale, Viale S. Franscini 30a, Bellinzona;OFFEN;Programmeingabe;0;;;;Freiluft-Lesereihe der vier Kantonsbibliotheken im Sommer, 2026 in der siebten Ausgabe, auch als Chilometro zero alla Filanda in Mendrisio. Daten 2027 noch nicht publiziert
2027-06_literatur-open-air-liestal;Literatur Open Air Liestal;Festival;Kantonsbibliothek Baselland mit Dichter:innen- und Stadtmuseum Liestal und BuchBasel;Liestal;BL;DCH;2027-06-00;2027-06-00;erwartet;jaehrlich;Breitenpublikum;https://www.kbl.ch/alle-veranstaltungen/literaturopenairliestal;2026-09-08;Am 19. Juni 2026 fuehren wir wieder unser Literatur Open Air Liestal durch;OFFEN;Programmeingabe;OFFEN;;;;2026 war die 4. Ausgabe am 19. Juni auf dem Zeughausplatz - 2027 noch nicht publiziert. Lesungen und Poetry Slam. Kleines Format mit erreichbarem OK - guter erster Andockversuch
2027-06_literaturhaus-zuerich-masterclass;Masterclass Literaturhaus Zürich 2027;Ausschreibung;Literaturhaus Zürich;Zürich;ZH;DCH;2027-06-00;2027-06-00;erwartet;jaehrlich;Schreibende+Jugend;https://literaturhaus.ch/masterclass/;2026-09-08;Einsendung Bewerbung - wird erst bekannt gegeben / Durchführung - wird erst bekannt gegeben;OFFEN;Einreichfrist;0 Kosten werden vom Literaturhaus übernommen;alter;28;CH;In der SWOT enthalten (Nr. 14). 2026 lief sie vom 26.-28.06. mit Verena Rossbacher - daraus abgeleitet. Nur 18-28 Jahre und damit kein direkter Wettbewerber - aber der Beleg für die Förderlücke ab 28. [Zugang: Junge, in der Schweiz lebende Schreibende zwischen 18 und 28 Jahren. Kein Publikationsnach]
2027-06_penarosa-writer-in-residence;PenArosa Writer in Residence;Ausschreibung;Schreibwerkstatt PenArosa Georg Brunold;Arosa;GR;DCH;2027-06-00;2027-10-00;bestaetigt;jaehrlich;Schreibende;https://www.a-d-s.ch/foerderungen/ausschreibungen/?article=writer_in_residence_100_tage_im_aroser_bergsommer;2026-09-08;Einsendeschluss: 30. November 2026;2026-11-30;Einreichfrist;0;offen;;;für Teilnehmende — drei bis vier Monate im Aroser Bergsommer, Voraussetzung ist laufende Arbeit an einem Buchprojekt in fortgeschrittenem Stadium, keine Publikation und keine Altersgrenze verlangt. Offizielle Seite georgbrunold.org [Zugang: laufende Arbeit an einem Buchprojekt in fortgeschrittenem Stadium. Grundsaetzlich soll kei]
2027-06_poestate;Poestate;Festival;POESTATE;Lugano;TI;ICH;2027-06-00;2027-06-00;erwartet;jaehrlich;Breitenpublikum+Schreibende;https://www.poestate.ch/;2026-09-08;Poestate 2026, 30a edizione: 4, 5, 6 giugno 2026, Patio Palazzo Civico;OFFEN;Programmeingabe;OFFEN;;;;"Poesiefestival im Patio des Palazzo Civico, 2026 in der 30. Ausgabe. Datum 2027 am 08.09.2026 nicht publiziert; italienischsprachig"
2027-06_preis-schweizer-buchhandel;Preis des Schweizer Buchhandels / SBVV-Generalversammlung 2027;Preis;Schweizer Buchhandels- und Verlags-Verband SBVV;Bern;BE;DCH;2027-06-00;2027-06-00;erwartet;jaehrlich;Branche;https://www.sbvv.ch/preis-schweizer-buchhandel;2026-09-08;Verleihung findet am 8. Juni 2026 in Bern statt, im Anschluss an die Generalversammlung;OFFEN;Einreichfrist;0;verlag;;CH;2026: GV und Verleihung am 8.6. in der Schweizerischen Nationalbibliothek Bern, Publikumsabstimmung ab 29. April. Datum 2027 abgeleitet aus diesem Muster, nicht publiziert. [Zugang: Buchhandlung und Verlag des Jahres. Eine Fachjury nominiert, danach stimmt das Publikum ab]
2027-06_chateau-de-lavigny-residence;Résidence d'écrivain – Château de Lavigny;Ausschreibung;Fondation Ledig-Rowohlt;Lavigny;VD;FCH;2027-06-00;2027-10-00;erwartet;jaehrlich;Schreibende;http://www.chateaudelavigny.ch/rsidence-dcrivain;2026-09-08;Date limite de reception des dossiers pour une residence en 2027: 15 octobre 2026;2026-10-15;Einreichfrist;0, Verpflegung selbst zu tragen;publikation;;;Vierwoechige Aufenthalte zwischen Juni und Oktober, Dossier auf Franzoesisch oder Englisch, offen fuer alle Schreibsprachen - fuer Teilnehmende des Schreibjahrs grundsaetzlich zugaenglich. [Zugang: Un ecrivain doit avoir publie au moins un livre, publication a compte d auteur non reconnu]
2027-06_fondation-jan-michalski-residences;Résidences pour écrivains – Fondation Jan Michalski;Ausschreibung;Fondation Jan Michalski pour l'écriture et la littérature;Montricher;VD;FCH;2027-06-00;2027-08-00;erwartet;jaehrlich;Schreibende;https://fondation-janmichalski.com/en/residences;2026-09-08;The application forms for 2027 will be available online from 2 June 2026 until 31 August 2026;;;0;offen;;;"Bewerbung fuer 2027 ist geschlossen. Fenster fuer 2028 duerfte nach demselben Muster im Sommer 2027 liegen; Aufenthalte von zwei Wochen bis drei Monaten, alle Sprachen zugelassen. Bewerbungsfenster fuer die Residenzen 2027 lief vom 2.6.2026 bis 31.8.2026, Anreise der ersten Gruppe Mitte Januar 2027; das Fenster fuer 2028 ist noch nicht publiziert. Bewerbungsfenster fuer 2027 endete am 31.8.2026; fuer 2028 dasselbe Muster angenommen, nicht publiziert. [Zugang: Beginners are accepted. There are no age or nationality restrictions]"
2027-06_ag-werkbeitrag-literatur;Werkbeitrag Literatur Kanton Aargau;Ausschreibung;Aargauer Kuratorium;Aarau;AG;DCH;2027-06-10;2027-06-10;erwartet;jaehrlich;Schreibende;https://www.aargauerkuratorium.ch/termine/literatur;2026-09-08;10. Juni 2026 Werkbeitrag Entscheid ab 22. September 2026;;;0;publikation;;Kanton AG 2 Jahre oder 15 Jahre frueher;"für Teilnehmende — keine Altersgrenze und keine Vorpublikation verlangt, aber Aargauer Bezug (zwei Jahre Wohnsitz oder früher 15 Jahre). Termin 2027 aus dem Vorjahresmuster, publiziert war am 8.9.2026 nur bis Januar 2027. Beleg nennt den Termin 2026 (10.6.2026). Vorjahresmuster: 10. Juni. Vorjahresmuster 10. Juni auf 2027 gerechnet; nicht publiziert. [Zugang: Gefoerdert werden professionell taetige Aargauer Kuenstlerinnen und Kuenstler. Manuskripta]"
2027-06_allpages-festival;Allpages Festival;Festival;Allpages Festival (Komitee);Anzère (Ayent);VS;FCH;2027-06-12;2027-06-13;bestaetigt;jaehrlich;Breitenpublikum;https://allpagesfestival.ch/;2026-09-08;les 12 et 13 juin 2027 a Anzere;OFFEN;Programmeingabe;OFFEN;;;;2026 erstmals durchgefuehrt mit rund 50 Autorinnen und Autoren, literarischen Spaziergaengen und Seilbahnlesungen. Junges Format, frankophon
2027-06_leukerbad;31. Internationales Literaturfestival Leukerbad;Festival;Literaturfestival Leukerbad;Leukerbad;VS;DCH;2027-06-24;2027-06-27;bestaetigt;jaehrlich;Breitenpublikum+Fachpublikum;https://literaturfestival.ch/;2026-09-08;24.-27.6.2027;;;OFFEN;;;;Leitung Stephan Bader und Anna Kulp. Deutschsprachiges Oberwallis - deshalb A1 und nicht A4. Postkarte muss rund vier Wochen vor dem Termin vor Ort liegen, der Druck davor - Frist aus dem Veranstaltungsdatum gerechnet, nicht publiziert
2027-06_prolitteris-generalversammlung;Generalversammlung ProLitteris 2027;Tagung;ProLitteris, Schweizerische Genossenschaft fuer Urheberrechte an Literatur und Kunst;Zuerich;ZH;national;2027-06-26;2027-06-26;bestaetigt;jaehrlich;Branche+Schreibende+Fachpublikum;https://prolitteris.ch/aktuelles/;2026-09-08;26. Juni 2027 - Generalversammlung ProLitteris;OFFEN;KEINE;OFFEN;;;;"Ort wechselt jaehrlich und war am 08.09.2026 nicht publiziert; GV meist verbunden mit der Verleihung des ProLitteris-Preises. Auf derselben Seite: Kulturfonds-Gesuchsfristen 1.2.2027 und 1.10.2027 (gehoert zu A5). ProLitteris zieht per 1.10.2026 an die Buerglistrasse 17, 8002 Zuerich"
2027-07_literaturfestival-zuerich;Literaturfestival Zuerich;Festival;Literaturhaus Zuerich und Kaufleuten;Zuerich;ZH;DCH;2027-07-00;2027-07-00;erwartet;jaehrlich;Breitenpublikum;https://www.literaturfestivalzuerich.com/besuch;2026-09-08;findet seitdem jaehrlich waehrend 7 Tagen im Juli statt;OFFEN;Programmeingabe;OFFEN;;;;2026 war 6.-12. Juli - 2027 noch nicht publiziert. Hauptbuehne Alter Botanischer Garten Pelikanstrasse 40. Stark kuratiert auf internationale Namen - fuer Patrick eher Publikumsanlass als Andockflaeche
2027-07_seetaler-poesiesommer;Seetaler Poesiesommer;Reihe;Kulturkommission Hochdorf mit Vereinigung Pro Heidegg und Historischer Vereinigung Seetal;Hochdorf;LU;DCH;2027-07-00;2027-10-00;erwartet;jaehrlich;Breitenpublikum;https://poesiesommer.ch/;2026-09-08;mit Anlaessen von Juli bis Oktober;OFFEN;Programmeingabe;OFFEN;;;;2026 war die 27. Auflage von Juli bis Oktober mit Eroeffnung Schloss Heidegg. Bespielt Seetal LU und AG sowie internationale Orte - Hauptort Hochdorf Rest siehe Website. 2027 noch nicht publiziert
2027-08_festival-di-narrazione-arzo;Festival internazionale di narrazione – Arzo;Festival;Associazione Festival di narrazione;Arzo (Mendrisio);TI;ICH;2027-08-00;2027-08-00;erwartet;jaehrlich;Breitenpublikum;https://www.festivaldinarrazione.ch/;2026-09-08;"20-23 agosto 2026; ventiseiesima edizione, tema Aprire spiragli";OFFEN;Einreichfrist;Mitgliedschaft ab CHF 50;;;;Erzaehl- und Theaterfestival in den Hoefen von Arzo. Fuer 2027 ist ein bando di drammaturgia zu Zwangsinternierungen in der Schweiz ausgeschrieben, die Frist steht nur im verlinkten PDF
2027-08_fete-du-livre-st-pierre-de-clages;Fête du Livre de St-Pierre-de-Clages;Markt;Association du Village du Livre;Saint-Pierre-de-Clages (Chamoson);VS;FCH;2027-08-27;2027-08-29;bestaetigt;jaehrlich;Breitenpublikum+Branche;https://www.village-du-livre.ch/fr/la-fete-du-livre/la-fete-du-livre-952/;2026-09-08;"Vendredi 27 aout 2027 ... dimanche 29 aout 2027; le dernier weekend du mois d aout";OFFEN;Standanmeldung;OFFEN;;;;Schweizer Buchdorf mit eigenen Ausstellerkategorien fuer Autorinnen und Verlage (3 Tage, 1 Tag). Anmeldefrist und Standgebuehren stehen nicht online
2027-08_be-lesungen-literaturpreistraeger;Beiträge an Lesungen von Literaturpreisträgerinnen und -preisträgern Kanton Bern;Ausschreibung;Amt für Kultur Kanton Bern;Bern;BE;DCH;2027-08-31;2027-08-31;bestaetigt;jaehrlich;Branche;https://www.kultur.bkd.be.ch/de/start/themen/kulturfoerderung/aktuelle-ausschreibungen-kulturfoerderung/beitraege-an-veranstaltungen-mit-literaturpreistraegerinnen-und-.html;2026-09-08;Lesungen im Zeitraum vom 15. August 2026 bis 31. August 2027 im Kanton Bern werden unterstützt;2027-08-31;Einreichfrist;0;verlag;;Kanton BE (Veranstaltungsort);für Salon — der Kanton übernimmt die Honorare der fünf 2026 ausgezeichneten Berner Literaturschaffenden, die übrigen Kosten trägt der Veranstalter. Nur für Veranstaltungen im Kanton Bern, deshalb für Olten Basel Zürich nicht nutzbar [Zugang: Kulturveranstaltende, die eine Lesung mit Berner Literaturpreistraegerinnen und -traegern ]
2027-09_babel-festival;Babel. Festival di letteratura e traduzione;Festival;Associazione Babel (associazione senza scopo di lucro);Bellinzona;TI;ICH;2027-09-00;2027-09-00;erwartet;jaehrlich;Breitenpublikum+Fachpublikum+Schreibende;https://www.babelfestival.com/;2026-09-08;"Bellinzona, 16-20 settembre; La XXI edizione di Babel, festival di letteratura e traduzione";OFFEN;Programmeingabe;OFFEN;;;;"Festival fuer Literatur und Uebersetzung, jedes Jahr Mitte September. Das Uebersetzungsthema macht es sprachuebergreifend anschlussfaehig; XXII. Ausgabe 2027 noch nicht datiert"
2027-03_hkb-ba-literarisches-schreiben;Bachelor Literarisches Schreiben - Anmeldung Studienjahr 2027/28;Ausschreibung;Hochschule der Künste Bern / Schweizerisches Literaturinstitut;Biel;BE;DCH;2027-09-00;2027-09-00;bestaetigt;jaehrlich;Schreibende;https://www.hkb.bfh.ch/de/studium/bachelor/literarisches-schreiben/;2026-09-08;Anmeldefrist 15. März 2027 für das Studienjahr 2027/2028 - Studienbeginn September 2027;2027-03-15;Einreichfrist;CHF 250 Anmeldung und Eignungsabklärung plus CHF 850 pro Semester;offen;;;In der SWOT enthalten (Nr. 11). Einzige subventionierte Alternative - der ganze BA kostet CHF 5100 bei sechs Semestern. Die Anmeldefrist 15.03.2027 fällt mitten in den ersten Schreibjahr-Jahrgang und ist ein Abwanderungsrisiko. [Zugang: Bei besonderer kuenstlerischer Begabung kann vom Abschluss der Sekundarstufe II abgesehen ]
2027-09_sikjm-jahrestagung;SIKJM-Jahrestagung 2027;Tagung;Schweizerisches Institut fuer Kinder- und Jugendmedien SIKJM;Zuerich;ZH;DCH;2027-09-00;2027-09-00;erwartet;jaehrlich;Fachpublikum+Branche;https://sikjm.ch/lesen-foerdern/weiterbildung/jahrestagung-aktuell/;2026-09-08;16. September 2026, 8:30-16:30 Uhr, Volkshaus Zuerich, Stauffacherstrasse 60;OFFEN;Einreichfrist;CHF 150 Mitglieder / CHF 200 Nichtmitglieder / CHF 100 Studierende;;;;Datum 2027 aus dem Vorjahresmuster abgeleitet (Jahrestagung jeweils Mitte September, Volkshaus Zuerich). Kosten aus der Tagung 2026 uebernommen
2027-09_le-livre-sur-les-quais;Le livre sur les quais;Festival;Association Le livre sur les quais;Morges;VD;FCH;2027-09-03;2027-09-05;angekuendigt;jaehrlich;Breitenpublikum+Branche;https://www.swissinfo.ch/fre/le-livre-sur-les-quais-s%C3%A9duit-avec-sa-nouvelle-formule/92012884;2026-09-08;La 18e edition est deja agendee du 3 au 5 septembre 2027.;OFFEN;Standanmeldung;OFFEN;;;;"Groesstes Literaturfestival der Romandie. Die offizielle Seite lelivresurlesquais.ch nennt am 08.09.2026 nur die 17. Ausgabe 2026; Datum 2027 daher ueber die Agenturmeldung belegt"
2027-09_sbvv-kurzgeschichten-schreiben;Kurzgeschichten schreiben (SBVV-Weiterbildung);Kurs;Schweizer Buchhandels- und Verlags-Verband SBVV;Zuerich;ZH;DCH;2027-09-06;2027-09-06;bestaetigt;jaehrlich;Schreibende;https://www.sbvv.ch/kurs/999/9/;2026-09-08;"Montag, 6. September 2027 von 9:15 - 17:00 Uhr; Anmeldeschluss: 30.08.2027";2027-08-30;Einreichfrist;CHF 360 Mitglieder / CHF 410 Nichtmitglieder;;;;Leitung Michele Minelli, fuer alle die Kurzgeschichten schreiben wollen. Teil des SBVV-Schreibkursprogramms, das dem Schreibjahr am naechsten kommt. Grenzfall zu A6
2027-09_sbvv-das-lektorat-september;Das Lektorat (SBVV-Weiterbildung, September 2027);Kurs;Schweizer Buchhandels- und Verlags-Verband SBVV;Zuerich;ZH;DCH;2027-09-08;2027-09-08;bestaetigt;jaehrlich;Branche+Fachpublikum;https://www.sbvv.ch/kurs/1006/9/;2026-09-08;"Mittwoch, 8. September 2027 von 9:15 - 17:00 Uhr; Anmeldeschluss: 01.09.2027";2027-09-01;Einreichfrist;CHF 380 Mitglieder / CHF 430 Nichtmitglieder;;;;Zweiter Durchgang des Lektoratskurses im Jahr, Leitung Regula Walser. Bemerkenswert: fuer Herbst 2027 bereits bestaetigt publiziert, waehrend fast alles andere in dieser Zone offen ist
2027-09_modul-s7;Schreibjahr Modul S7;Einzelveranstaltung;Salon der Kuenste;OFFEN;CH;DCH;2027-09-11;2027-09-11;bestaetigt;einmalig;Schreibende;../00_Basis/ECKDATEN.md;2026-09-08;S7, 11.09., Gast offen - anfragen;KEINE;KEINE;;;;;Verlagsgast noch offen
2027-09_bodensee-buchmesse;Bodensee-Buchmesse 2027 (BBM27);Messe;KWX - KULTUR WORX, Kreuzlingen;Konstanz;DE;national;2027-09-18;2027-09-18;bestaetigt;jaehrlich;Branche+Breitenpublikum;https://www.bodensee-buchmesse.ch/;2026-09-08;"Samstag, 18. September 2027, Konstanz; unabhaengige Verlage, Self-Publisher, Influencer und Autoren";OFFEN;Standanmeldung;OFFEN;;;;Veranstalter sitzt in Kreuzlingen TG, Messe selbst in Konstanz - Grenzlage, fuer Ostschweizer Publikum erreichbar. Standkosten und Frist nicht publiziert
2027-10_literaturtage-zofingen;Literaturtage Zofingen 2027;Festival;Literaturtage Zofingen (Verein);Zofingen;AG;DCH;2027-10-00;2027-10-00;erwartet;jaehrlich;Breitenpublikum;https://literaturtagezofingen.ch/;2026-09-08;16. bis 18. Oktober 2026;OFFEN;Programmeingabe;OFFEN;;;;Datum aus Muster abgeleitet - jeweils im Nachgang zur Frankfurter Buchmesse Mitte Oktober
2027-10_vorsatz-zuerich-liest;VorSatz — Schreibwettbewerb von Zürich liest;Ausschreibung;Zürcher Literaturhaus-Stiftung Zürich liest;Zürich;ZH;DCH;2027-10-00;2027-11-00;erwartet;jaehrlich;Schreibende;https://www.zuerich-liest.ch/vorsatz;2026-09-08;Frist: 31. Mai 2026 Lesungen: vom 20.–25. Oktober 2026;;;0;offen;;CH;"für Teilnehmende — offener Kurztext-Wettbewerb ohne Publikations- und Altersschranke, Preis ist eine Bühne am Festival Zürich liest oder ein Platz in der ALIT-Literaturwerkstatt. Frist 2027 aus dem Muster 2026 abgeleitet. Seite nennt nur 'Frist: 31. Mai 2026' fuer die Ausgabe 2026. Vorjahresmuster: Ende Mai. Vorjahresmuster Frist Ende Mai auf 2027 gerechnet; nicht publiziert. [Zugang: Du hast noch keine eigenstaendige Publikation (Buch). Du wohnst in der Schweiz]"
2027-10_weinfelder-buchtage;Weinfelder Buchtage 2027;Festival;Verein weinfelder buchtage;Weinfelden;TG;DCH;2027-10-00;2027-11-00;erwartet;jaehrlich;Breitenpublikum;https://buchtage.ch/;2026-09-08;Die 10. Weinfelder Buchtage finden vom Dienstag 27. Okt. bis Sonntag 1. Nov 2026 statt;OFFEN;Programmeingabe;OFFEN;;;;Datum aus dem Muster der letzten Ausgaben abgeleitet - fruehere Ausgaben lagen in Maerz September und November also Herbstlage nicht ganz sicher
2027-10_zuerich-liest;Zuerich liest 27;Festival;Verein Zuerich liest;Zuerich;ZH;DCH;2027-10-00;2027-10-00;erwartet;jaehrlich;Breitenpublikum+Branche;https://www.zuerich-liest.ch/zhl/veranstalten;2026-09-08;Anmeldeschluss ist Ende Juni 2026. Veranstaltungen die danach eingetragen werden;;;CHF 850 Werbemittelbeitrag Nichtmitglieder (Stand 2026);;;;"Datum und Frist aus dem Muster 2026 abgeleitet - 2027 noch nicht publiziert. Realistischstes Werbefenster fuer den Jahrgang 2028. Seite nennt nur 'Anmeldeschluss ist Ende Juni 2026' fuer Zuerich liest 26. Vorjahresmuster: Ende Juni. Vorjahresmuster Anmeldeschluss Ende Juni auf 2027 gerechnet; nicht publiziert"
2027-10_frankfurter-buchmesse;Frankfurter Buchmesse 2027;Messe;Frankfurter Buchmesse GmbH;Frankfurt am Main;DE;national;2027-10-06;2027-10-10;angekuendigt;jaehrlich;Branche+Fachpublikum+Breitenpublikum;https://www.messen.de/de/10211/frankfurt-am-main/frankfurter-buchmesse/info;2026-09-08;Frankfurter Buchmesse 2027: 06.10.2027 - 10.10.2027, Messe Frankfurt;OFFEN;Standanmeldung;OFFEN;;;;"Ehrengast 2027 ist Chile. SBVV-Gemeinschaftsstand fuer 2027 noch nicht ausgeschrieben; Stichtag 2026 lag am 27.04. - fuer 2027 also vermutlich April 2027"
2027-10_modul-s8-knapp;Schreibjahr Modul S8, Gaeste Knapp und Nicolay;Einzelveranstaltung;Salon der Kuenste;Olten;SO;DCH;2027-10-09;2027-10-09;bestaetigt;einmalig;Schreibende;../00_Basis/ECKDATEN.md;2026-09-08;S8, 09.10.2027, Olten, Thomas Knapp, Knapp Verlag + Fabian Nicolay;KEINE;KEINE;;;;;Status laut Einsatzplan noch zu bestaetigen
2027-10_schreibwerk-ost-poetisches-feld;Das poetische Feld;Kurs;Schreibwerk Ost;Zürich;ZH;DCH;2027-10-25;2027-10-25;bestaetigt;einmalig;Schreibende;https://www.schreibwerk-ost.ch/naechste-schreibseminare;2026-09-08;Das poetische Feld 25. Oktober Zürich CHF 390.00;KEINE;KEINE;CHF 390;;;;Anbieter steht in der SWOT. Letzter für 2027 publizierter Termin auf der Seite
2027-11_abraxas-zug;Abraxas - Zentralschweizer Kinder- und Jugendliteratur-Festival Zug;Festival;Verein ABRAXAS;Zug;ZG;DCH;2027-11-00;2027-11-00;erwartet;zweijaehrlich;Breitenpublikum+Jugend;https://www.abraxas-festival.ch/leitbild;2026-09-08;alle zwei Jahre ein Kinder- und Jugendliteratur-Festival;OFFEN;Programmeingabe;OFFEN;;;;Letzte Ausgabe 2025 im November also 2027 zu erwarten - auf der offiziellen Seite steht dazu nichts. Kinder- und Jugendliteratur - fuer das Schreibjahr nur bedingt passend aber einziges Literaturfestival im Kanton Zug
2027-11_buch-wien;BUCH WIEN 2027;Messe;BUCH WIEN GmbH / SBVV (Gemeinschaftsstand);Wien;AT;national;2027-11-00;2027-11-00;erwartet;jaehrlich;Branche+Breitenpublikum;https://www.sbvv.ch/fairDetail/203/8/BUCH%20WIEN;2026-09-08;"25.11.2026 - 29.11.2026; Anmeldeschluss: 06.05.2026";OFFEN;OFFEN;OFFEN;;;;Datum 2027 aus dem Vorjahresmuster abgeleitet (jeweils letzte Novemberwoche), Anmeldeschluss fuer den Schweizer Gemeinschaftsstand analog Anfang Mai. Beides am 08.09.2026 nicht publiziert. SBVV-Seite traegt am 8.9.2026 nur BUCH WIEN 2026 (25.-29.11.2026, Anmeldeschluss 6.5.2026). Vorjahresmuster: Anmeldeschluss Anfang Mai
2027-11_dis-da-litteratura;Dis da litteratura 2027;Festival;Uniun per la Litteratura Rumantscha ULR;Chur;GR;DCH;2027-11-00;2027-11-00;erwartet;jaehrlich;Breitenpublikum+Schreibende;https://www.disdalitteratura.ch/de/;2026-09-08;Die naechsten Dis da litteratura finden am 6. 7. und 8. November 2026 in der Postremise Chur statt;OFFEN;Einreichfrist;OFFEN;;;;Datum aus dem Muster abgeleitet - jaehrlich im November. 2027 nicht publiziert. Einziges Literaturfestival das im Kanton Graubuenden belegt werden konnte
2027-11_buchbasel;Internationales Literaturfestival BuchBasel;Festival;Verein LiteraturBasel;Basel;BS;DCH;2027-11-00;2027-11-00;erwartet;jaehrlich;Breitenpublikum+Branche+Fachpublikum;https://www.buchbasel.ch/de/;2026-09-08;13.-15. November 2026;OFFEN;Programmeingabe;OFFEN;;;;Datum aus Muster 2026 abgeleitet (Mitte November) - 2027 noch nicht publiziert
2027-11_schaffhauser-buchwoche;Schaffhauser Buchwoche 2027;Festival;Verein Schaffhauser Buchwoche;Schaffhausen;SH;DCH;2027-11-00;2027-11-00;erwartet;jaehrlich;Breitenpublikum;https://www.schaffhauserbuchwoche.ch/;2026-09-08;Vom 2. bis 15. November findet die Schaffhauser Buchwoche 2026 statt;OFFEN;Programmeingabe;OFFEN;;;;Datum aus Muster abgeleitet - erste Novemberhaelfte. 2027 nicht publiziert
2027-11_schweizer-buchpreis-anmeldung;Schweizer Buchpreis SBP — Anmeldung der Verlage;Preis;SBVV und Verein LiteraturBasel;Basel;CH;national;2027-11-00;2027-11-00;erwartet;jaehrlich;Branche;https://schweizerbuchpreis.ch/charta/;2026-09-08;Der Ausschreibungszeitraum läuft von Februar bis April des jeweiligen Preisjahres;OFFEN;Einreichfrist;0;verlag;;CH oder 2 Jahre in CH (Autor:in);nicht für Teilnehmende — Eigenbewerbungen von Autorinnen sind nicht möglich, nur Verlage mit Verbandsmitgliedschaft können einreichen. Verleihung jeweils im November in Basel, Tag der Frist nicht publiziert [Zugang: Verlage koennen im Einverstaendnis mit den Autor:innen maximal zwei Titel einreichen. Eige]
2027-11_schweizer-erzaehlnacht;Schweizer Erzaehlnacht 2027;Einzelveranstaltung;Schweizerisches Institut fuer Kinder- und Jugendmedien SIKJM;landesweit;CH;national;2027-11-00;2027-11-00;erwartet;jaehrlich;Breitenpublikum+Jugend;https://sikjm.ch/lesen-foerdern/projekte/erzahlnacht/;2026-09-08;Die Erzaehlnacht 2026 findet am Freitag 13. November 2026 statt;OFFEN;Programmeingabe;0;;;;Immer zweiter Freitag im November - Datum 2027 aus dem Muster abgeleitet und nicht publiziert
2027-11_schweizer-buchpreis-2027;Verleihung des Schweizer Buchpreis 2027;Preis;Verein LiteraturBasel / SBVV;Basel;BS;DCH;2027-11-00;2027-11-00;erwartet;jaehrlich;Branche+Fachpublikum+Breitenpublikum;https://www.sbvv.ch/agenda/3/%C3%9Cber%20uns/Agenda;2026-09-08;15.11.2026 | Verleihung des Schweizer Buchpreis 2026 | Foyer Theater Basel, Basel | 11:00 Uhr;OFFEN;Einreichfrist;0;verlag;;CH oder 2 Jahre in CH (Autor:in);Datum 2027 aus dem Muster abgeleitet: jeweils am Schlusssonntag der BuchBasel im November. Einreichung der Titel laeuft ueber die Verlage, Frist wird im Fruehjahr ausgeschrieben. Ueberschneidung mit A1 (BuchBasel) und A5 (Frist) moeglich. [Zugang: Verlage koennen im Einverstaendnis mit den Autor:innen maximal zwei Titel einreichen. Eige]
2027-11_sbvv-arbeit-am-manuskript-2027;Die Arbeit am Manuskript - Workshop an 2 Tagen (SBVV, November 2027);Kurs;Schweizer Buchhandels- und Verlags-Verband SBVV;Zuerich;ZH;DCH;2027-11-03;2027-11-10;bestaetigt;jaehrlich;Branche+Fachpublikum;https://www.sbvv.ch/weiterbildung;2026-09-08;3. & 10. November 2027 Die Arbeit am Manuskript - Workshop an 2 Tagen;OFFEN;Einreichfrist;OFFEN;;;;Termin steht im SBVV-Weiterbildungskalender 2027 (Kurs-Nr. 1007), Detailseite mit Kosten und Anmeldeschluss am 08.09.2026 noch nicht abrufbar. 2026er Durchgang kostete CHF 690/840, Anmeldeschluss eine Woche vorher. Datum steht im SBVV-Weiterbildungskalender (3. und 10. November 2027)
2027-11_schreibtempel-retreat-srilanka;Schreibretreat Schreibtempel Woche 1 bis 4;Kurs;WULIN Academy International (Schreibtempel);Sri Lanka;CH;national;2027-11-06;2027-12-04;bestaetigt;jaehrlich;Schreibende;https://schreibtempel.ch/schreibretreats/;2026-09-08;Woche 1: 06.11. - 13.11.2027 ... Woche 4: 27.11. - 04.12.2027;OFFEN;OFFEN;OFFEN kein Preis publiziert;;;;NEU - in der SWOT nicht enthalten. Schweizer Anbieter mit Retreat auf Sri Lanka. ANNAHME: kanton CH gesetzt weil der Anbieter schweizerisch ist und der Ort ausserhalb der Schweiz liegt. Kein Jahresformat und damit kein direkter Wettbewerber
2027-11_nuit-du-conte;La Nuit du conte en Suisse / Schweizer Erzählnacht / Notte del racconto;Einzelveranstaltung;Institut suisse Jeunesse et Médias (ISJM), Bibliomedia Suisse, UNICEF;landesweit;CH;national;2027-11-12;2027-11-12;bestaetigt;jaehrlich;Breitenpublikum+Jugend;https://isjm.ch/promotion-lecture/actions/nuit-du-conte/;2026-09-08;Le vendredi 12 novembre 2027;OFFEN;Programmeingabe;0;;;;Datum 2027 steht bereits auf der Seite des ISJM. Thema fuer 2027 noch nicht publiziert
2027-12_abschluss-verlagspitch;Schreibjahr Abschlussklausur mit Verlagspitch;Einzelveranstaltung;Salon der Kuenste;Holdenweid;BL;DCH;2027-12-11;2027-12-12;bestaetigt;einmalig;Schreibende+Branche;../00_Basis/ECKDATEN.md;2026-09-08;E, 11.-12.12., eingeladene Verlage - planen;KEINE;KEINE;;;;;Pitch vor eingeladenen Verlagen, Verlage noch einzuladen
2028-XX_landisgyr-atelierstipendien;Atelierstipendien 2028/29 Landis und Gyr Stiftung;Ausschreibung;Landis und Gyr Stiftung;Zug;ZG;DCH;2028-00-00;2029-00-00;bestaetigt;jaehrlich;Schreibende;https://www.lg-stiftung.ch/de/was-wir-tun/stipendien;2026-09-08;Bewerbungsfrist: Sonntag, 31. Januar 2027;2027-01-31;Einreichfrist;0;publikation;;CH;für Teilnehmende — die Ateliers in Zug richten sich ausschliesslich an Autorinnen und literarische Übersetzerinnen. Die Seite sagt ausdrücklich es besteht keine Altersgrenze, schliesst aber Kunstschaffende am Anfang der Karriere aus. Bewerbungsfenster ab 1.12.2026 [Zugang: nicht fuer am Anfang ihrer Karriere stehende Kunstschaffende gedacht. Es besteht keine Alt]
2028-XX_zentralschweizer-literaturfoerderung;Zentralschweizer Literaturförderung — Wettbewerb um Werkbeiträge;Ausschreibung;Konferenz der kantonalen Kulturbeauftragten Zentralschweiz;Stans;NW;DCH;2028-00-00;2028-00-00;erwartet;zweijaehrlich;Schreibende;https://www.nw.ch/kulturfoerddienste/6308;2026-09-08;Die nächste Ausschreibung für den Zentralschweizer Literaturwettbewerb ist im Frühling 2027;OFFEN;Einreichfrist;0;wohnsitz;;Zentralschweiz LU UR SZ OW NW ZG 2 Jahre;für Teilnehmende — verlangt ausdrücklich unveröffentlichte Texte und Wohnsitz LU UR SZ OW NW oder ZG seit zwei Jahren, keine Altersgrenze, Werkbeiträge CHF 5000 bis 25000, ein Beitrag ist für ein Erstlingswerk reserviert. Frist aus dem Reglement 2025/26 (11.8.2025) abgeleitet. nw.ch nennt nur 'Die naechste Ausschreibung ist im Fruehling 2027' - kein Eingabeschluss, und ein August-Termin widerspraeche dem Fruehling. [Zugang: Personen, die zum Zeitpunkt der Ausschreibung seit mindestens zwei Jahren in der Zentralsc]
2028-01_so-atelier-paris;Atelierstipendium Cité Internationale des Arts Paris Kanton Solothurn;Ausschreibung;Kantonales Kuratorium für Kulturförderung Solothurn;Solothurn;SO;DCH;2028-01-00;2028-06-00;erwartet;jaehrlich;Schreibende;https://so.ch/verwaltung/departement-fuer-bildung-kultur-und-sport/amt-fuer-kultur-und-sport/aktuell/aktuell/news/foerderpreise-2026-und-atelierstipendien-paris-2027-ausgeschrieben/;2026-09-08;Kulturschaffende jeden Alters und aller Disziplinen mit Wohnsitz im oder engem Bezug zum Kanton Solothurn;;;0;wohnsitz;;Kanton SO (Wohnsitz oder enger Bezug);"für Teilnehmende und der Gegenbeleg zur Altersgrenze — hier steht ausdrücklich jeden Alters. Sechs Monate Paris plus CHF 18000 Lebenshaltungskosten. Frist 2027 aus dem Muster 2026 abgeleitet. Quelle schreibt nur das Atelier 2027 aus (Frist 12.1.2026, Aufenthalt Jan-Jun oder Jul-Dez 2027). Fuer 2028 nichts publiziert. Vorjahresmuster Eingabetermin 12. Januar auf die Ausschreibung 2028 gerechnet; nicht publiziert. [Zugang: Kulturschaffende jeden Alters und aller Disziplinen mit Wohnsitz im oder engem Bezug zum K]"
